Typ;Nr.;Gemeinde;2020;2015;2010;2005;2000;1996;1990;1985;1980;1975
Tiere - Rinder;366;......0307 Meikirch;951;1090;1034;977;1034;997;1210;1164;1184;1117
Tiere - Rinder;367;......0351 Bern;1027;1189;1176;1171;1413;1584;1851;1941;2026;2053
Tiere - Rinder;368;......0352 Bolligen;1317;1397;1168;1070;1239;1356;1450;1386;1867;0
Tiere - Rinder;369;......0353 Bremgarten bei Bern;89;96;107;95;92;94;109;102;153;160
Tiere - Rinder;370;......0354 Kirchlindach;1776;1687;1651;1333;1421;1488;1343;1410;1459;1427
Tiere - Rinder;371;......0355 Köniz;4148;4426;4562;4045;4081;4441;5009;5111;5301;5058
Tiere - Rinder;372;......0356 Muri bei Bern;154;141;204;284;317;355;376;419;564;585
Tiere - Rinder;373;......0357 Oberbalm;1598;1654;1680;1651;1563;1771;1789;1670;1771;1715
Tiere - Rinder;374;......0358 Stettlen;267;266;246;241;270;276;334;391;381;452
Tiere - Rinder;375;......0359 Vechigen;2157;2407;2580;2482;2418;2999;3064;2957;2975;2958
Tiere - Rinder;376;......0360 Wohlen bei Bern;2648;2813;2949;2476;2656;2781;2945;3063;3213;3550
Tiere - Rinder;377;......0361 Zollikofen;909;804;361;349;349;374;290;421;460;501
Tiere - Rinder;378;......0362 Ittigen;293;232;92;262;136;155;208;187;0;0
Tiere - Rinder;379;......0363 Ostermundigen;153;210;242;175;185;215;107;241;0;1833
Tiere - Rinder;380;......0403 Bäriswil;64;72;69;74;106;149;184;181;184;208
Tiere - Rinder;381;......0535 Deisswil bei Münchenbuchsee;125;128;121;121;149;160;161;180;174;190
Tiere - Rinder;382;......0538 Fraubrunnen;1941;2259;2094;1943;2010;2285;2838;2922;3247;2923
Tiere - Rinder;383;......0540 Jegenstorf;767;856;902;749;892;1046;1105;1108;1222;1177
Tiere - Rinder;384;......0541 Iffwil;162;206;233;249;264;349;396;341;408;429
Tiere - Rinder;385;......0543 Mattstetten;237;71;82;105;213;287;386;426;431;375
Tiere - Rinder;386;......0544 Moosseedorf;280;330;182;219;233;344;349;374;416;407
Tiere - Rinder;387;......0546 Münchenbuchsee;519;574;515;565;519;704;892;883;929;975
Tiere - Rinder;388;......0551 Urtenen-Schönbühl;181;173;232;198;274;390;482;496;568;540
Tiere - Rinder;389;......0553 Wiggiswil;126;242;252;202;154;175;193;216;192;215
Tiere - Rinder;390;......0557 Zuzwil (BE);296;272;220;228;233;266;290;243;284;272
Tiere - Rinder;391;......0602 Arni (BE);1639;1668;1607;1536;1484;1586;1703;1569;1576;1497
Tiere - Rinder;392;......0603 Biglen;277;299;321;378;435;495;500;576;545;556
Tiere - Rinder;393;......0605 Bowil;1484;1396;1431;1439;1477;1711;1711;1726;1741;1683
Tiere - Rinder;394;......0606 Brenzikofen;276;253;266;242;215;260;250;244;229;234
Tiere - Rinder;395;......0607 Freimettigen;222;251;255;329;370;423;462;453;577;483
Tiere - Rinder;396;......0608 Grosshöchstetten;779;891;932;918;967;1065;1088;1055;1093;494
Tiere - Rinder;397;......0609 Häutligen;353;365;429;422;412;460;467;453;451;418
Tiere - Rinder;398;......0610 Herbligen;292;355;402;381;393;426;395;370;473;447
Tiere - Rinder;399;......0611 Kiesen;392;348;252;278;316;341;369;383;399;381
Tiere - Rinder;400;......0612 Konolfingen;1688;1755;1716;1649;1844;1877;2040;1907;1977;1942
Tiere - Rinder;401;......0613 Landiswil;1431;1350;1455;1404;1415;1433;1554;1499;1434;1395
Tiere - Rinder;402;......0614 Linden;1495;1493;1598;1601;1646;1932;1889;1922;1753;1712
Tiere - Rinder;403;......0615 Mirchel;482;441;458;407;462;451;485;478;518;473
Tiere - Rinder;404;......0616 Münsingen;1122;1357;1396;1280;1430;1518;1262;1178;1260;1363
Tiere - Rinder;405;......0617 Niederhünigen;339;414;444;421;461;500;581;490;488;521
Tiere - Rinder;406;......0619 Oberdiessbach;1374;1510;1402;1446;1512;1632;1849;1691;1845;1639
Tiere - Rinder;407;......0620 Oberthal;1262;1311;1425;1379;1414;1519;1635;1525;1527;1465
Tiere - Rinder;408;......0622 Oppligen;246;269;265;239;253;270;350;402;393;423
Tiere - Rinder;409;......0623 Rubigen;498;575;607;598;660;672;1627;1624;1636;1603
Tiere - Rinder;410;......0626 Walkringen;1791;1937;1969;1781;1706;1862;1959;1855;1826;1831
Tiere - Rinder;411;......0627 Worb;1918;2048;2264;2184;2306;2632;2835;2800;2894;2754
Tiere - Rinder;412;......0628 Zäziwil;625;673;735;730;685;850;912;830;855;891
Tiere - Rinder;413;......0629 Oberhünigen;442;518;542;505;418;512;576;562;565;1065
Tiere - Rinder;414;......0630 Allmendingen;515;526;517;470;503;539;0;0;0;0
Tiere - Rinder;415;......0632 Wichtrach;767;942;987;1007;1048;1160;1288;1237;1282;1406
Tiere - Rinder;416;......0662 Ferenbalm;778;771;1007;913;818;900;1015;1121;1212;1117
Tiere - Rinder;417;......0663 Frauenkappelen;301;310;412;423;398;578;638;634;636;694
Tiere - Rinder;418;......0665 Gurbrü;171;283;227;201;310;328;354;325;391;322
Tiere - Rinder;419;......0666 Kriechenwil;464;449;453;423;445;488;535;558;608;598
Tiere - Rinder;420;......0667 Laupen;253;171;167;116;188;215;163;272;284;235
Tiere - Rinder;421;......0668 Mühleberg;2548;2485;2517;2136;2103;2243;2337;2627;2788;2677
Tiere - Rinder;422;......0669 Münchenwiler;572;577;516;395;265;257;287;370;392;342
Tiere - Rinder;423;......0670 Neuenegg;1620;1825;1720;1684;1607;1925;1989;2209;2375;2292
Tiere - Rinder;424;......0671 Wileroltigen;200;293;338;341;372;421;457;488;482;478
Tiere - Rinder;425;......0852 Guggisberg;3835;3915;3981;3898;3708;4004;4098;3778;3757;3641
Tiere - Rinder;426;......0853 Rüschegg;1406;1437;1568;1559;1343;1467;1619;1543;1543;1601
Tiere - Rinder;427;......0855 Schwarzenburg;5430;6073;6220;6013;5872;6325;6465;6181;6296;5900
Tiere - Rinder;428;......0861 Belp;1743;1953;2250;2328;2372;2710;3077;2836;3201;3062
Tiere - Rinder;429;......0866 Gerzensee;934;913;960;785;761;878;915;862;951;950
Tiere - Rinder;430;......0868 Jaberg;143;83;82;77;107;141;121;133;160;167
Tiere - Rinder;431;......0869 Kaufdorf;164;178;257;450;334;365;428;461;431;433
Tiere - Rinder;432;......0870 Kehrsatz;419;410;487;489;499;532;654;634;615;682
Tiere - Rinder;433;......0872 Kirchdorf (BE);1495;1575;1755;1783;1862;2106;2290;2215;2306;2215
Tiere - Rinder;434;......0877 Niedermuhlern;945;913;1024;971;1025;1046;1125;1080;1143;1132
Tiere - Rinder;435;......0879 Riggisberg;2244;2508;2561;2673;2721;2896;3008;2827;2901;2722
Tiere - Rinder;436;......0880 Rüeggisberg;3680;3682;3939;4140;4119;4470;4798;4486;4267;4153
Tiere - Rinder;437;......0884 Toffen;355;433;466;427;429;451;568;519;593;591
Tiere - Rinder;438;......0888 Wald (BE);1612;1832;1677;1503;1553;1753;2013;1850;1843;1828
Tiere - Rinder;439;......0889 Thurnen;825;920;924;872;875;962;1041;1041;1070;1104
Tiere - Rinder;440;>> Verwaltungskreis Thun;24259;24803;26428;26926;27039;28757;30891;28908;28321;27491
Tiere - Rinder;441;......0767 Reutigen;799;796;829;819;818;847;887;840;779;689
Tiere - Rinder;442;......0770 Stocken-Höfen;974;1020;1024;1158;1122;1208;1251;1222;1121;1109
Tiere - Rinder;443;......0863 Burgistein;1054;1106;1118;1085;1160;1043;1045;1017;1010;1037
Tiere - Rinder;444;......0867 Gurzelen;842;850;868;823;833;777;927;849;814;830
Tiere - Rinder;445;......0883 Seftigen;375;423;442;455;469;560;546;561;649;555
Tiere - Rinder;446;......0885 Uttigen;334;376;369;419;433;465;444;448;441;437
Tiere - Rinder;447;......0886 Wattenwil;1008;1030;1172;1158;1039;1164;1343;1195;1333;1245
Tiere - Rinder;448;......0921 Amsoldingen;647;700;699;720;663;708;753;689;689;632
Tiere - Rinder;449;......0922 Blumenstein;678;674;678;718;714;775;1364;884;827;796
Tiere - Rinder;450;......0923 Buchholterberg;1913;2028;2136;2115;2152;2234;2325;2222;2104;1995
Tiere - Rinder;451;......0924 Eriz;818;871;790;881;848;877;926;837;781;787
Tiere - Rinder;452;......0925 Fahrni;1029;1087;1128;1092;1082;1172;1309;1240;1227;1146
Tiere - Rinder;453;......0927 Heiligenschwendi;417;392;435;459;483;524;527;504;482;485
Tiere - Rinder;454;......0928 Heimberg;347;374;307;314;371;415;395;379;435;439
Tiere - Rinder;455;......0929 Hilterfingen;0;0;0;7;11;7;9;3;5;39
Tiere - Rinder;456;......0931 Homberg;767;717;774;794;836;827;869;895;870;831
Tiere - Rinder;457;......0932 Horrenbach-Buchen;595;615;677;691;631;711;717;680;646;651
Tiere - Rinder;458;......0934 Oberhofen am Thunersee;96;105;118;120;125;153;151;169;145;174
Tiere - Rinder;459;......0935 Oberlangenegg;898;876;992;1077;1020;1041;1186;1112;1068;927
Tiere - Rinder;460;......0936 Pohlern;360;361;413;446;453;398;430;371;348;331
Tiere - Rinder;461;......0938 Sigriswil;2293;2422;2853;2883;2843;3207;3181;2937;2747;2731
Tiere - Rinder;462;......0939 Steffisburg;982;1053;1191;1235;1421;1586;1799;1728;1771;1746
Tiere - Rinder;463;......0940 Teuffenthal (BE);391;385;419;443;401;354;393;360;338;333
Tiere - Rinder;464;......0941 Thierachern;1018;943;1024;968;983;929;959;954;1018;928
Tiere - Rinder;465;......0942 Thun;540;615;826;886;925;1124;1131;1167;1113;1151
Tiere - Rinder;466;......0943 Uebeschi;872;848;986;964;905;994;1007;931;878;885
Tiere - Rinder;467;......0944 Uetendorf;1305;1286;1286;1193;1238;1393;1570;1515;1725;1634
Tiere - Rinder;468;......0945 Unterlangenegg;917;997;1070;1167;1203;1220;1345;1277;1224;1255
Tiere - Rinder;469;......0946 Wachseldorn;634;600;640;648;637;754;765;703;652;622
Tiere - Rinder;470;......0947 Zwieselberg;316;345;316;337;358;361;403;391;368;373
Tiere - Rinder;471;......0948 Forst-Längenbühl;1040;908;848;851;862;929;934;828;713;698
Tiere - Rinder;472;>> Verwaltungskreis Obersimmental-Saanen;17902;18722;19753;20047;19917;20275;22365;19442;19158;19146
Tiere - Rinder;473;......0791 Boltigen;2675;2897;3212;3423;3325;3504;3723;3313;3110;3091
Tiere - Rinder;474;......0792 Lenk;2840;2970;3213;3138;3129;3106;3419;2925;2809;2829
Tiere - Rinder;475;......0793 St. Stephan;2443;2596;2730;2665;2394;2469;2661;2165;2127;2117
Tiere - Rinder;476;......0794 Zweisimmen;2681;2731;2743;2963;3033;3108;3613;3202;3253;3287
Tiere - Rinder;477;......0841 Gsteig;1214;1187;1331;1438;1399;1366;1309;1125;1101;1133
Tiere - Rinder;478;......0842 Lauenen;1343;1272;1254;1297;1364;1306;1441;1114;1217;1083
Tiere - Rinder;479;......0843 Saanen;4706;5069;5270;5123;5273;5416;6199;5598;5541;5606
Tiere - Rinder;480;>> Verwaltungskreis Frutigen-Niedersimmental;25144;26067;27167;27839;27056;28905;31016;26928;25715;25615
Tiere - Rinder;481;......0561 Adelboden;2914;2974;3165;3019;3122;3192;3309;2864;2616;2609
Tiere - Rinder;482;......0562 Aeschi bei Spiez;1698;1733;1752;1882;1705;1924;2141;1926;1875;1959
Tiere - Rinder;483;......0563 Frutigen;5385;5406;5568;5628;5343;6012;6037;4926;4642;4482
Tiere - Rinder;484;......0564 Kandergrund;909;1004;1062;1111;1199;1122;1259;1038;995;966
Tiere - Rinder;485;......0565 Kandersteg;254;247;254;304;294;319;316;280;275;337
Tiere - Rinder;486;......0566 Krattigen;292;274;313;320;300;326;401;357;299;333
Tiere - Rinder;487;......0567 Reichenbach im Kandertal;2916;2998;3266;3401;3209;3477;3757;3379;3234;3337
Tiere - Rinder;488;......0761 Därstetten;1422;1412;1454;1606;1556;1610;1818;1555;1489;1464
Tiere - Rinder;489;......0762 Diemtigen;3488;3611;3795;3804;3819;4121;4732;4138;3884;3914
Tiere - Rinder;490;......0763 Erlenbach im Simmental;1481;1609;1553;1672;1597;1702;1844;1697;1718;1538
Tiere - Rinder;491;......0766 Oberwil im Simmental;2209;2317;2583;2572;2551;2583;2820;2334;2372;2422
Tiere - Rinder;492;......0768 Spiez;1129;1328;1284;1411;1348;1439;1446;1404;1326;1441
Tiere - Rinder;493;......0769 Wimmis;1047;1154;1118;1109;1013;1078;1136;1030;990;813
Tiere - Pferdegattung;366;......0307 Meikirch;43;32;34;39;43;42;30;32;28;34
Tiere - Pferdegattung;367;......0351 Bern;116;119;97;65;75;84;253;74;67;80
Tiere - Pferdegattung;368;......0352 Bolligen;46;48;54;48;60;58;69;45;77;0
Tiere - Pferdegattung;369;......0353 Bremgarten bei Bern;2;2;0;2;4;5;5;2;0;2
Tiere - Pferdegattung;370;......0354 Kirchlindach;256;224;154;80;68;62;25;44;54;65
Tiere - Pferdegattung;371;......0355 Köniz;228;244;270;208;166;198;193;169;204;273
Tiere - Pferdegattung;372;......0356 Muri bei Bern;2;9;21;0;2;6;8;5;7;15
Tiere - Pferdegattung;373;......0357 Oberbalm;80;72;77;83;85;82;85;72;85;113
Tiere - Pferdegattung;374;......0358 Stettlen;7;17;18;22;17;21;11;23;22;23
Tiere - Pferdegattung;375;......0359 Vechigen;114;73;95;85;131;142;126;106;115;150
Tiere - Pferdegattung;376;......0360 Wohlen bei Bern;238;232;257;217;206;164;120;98;97;106
Tiere - Pferdegattung;377;......0361 Zollikofen;4;4;8;7;9;6;10;13;16;13
Tiere - Pferdegattung;378;......0362 Ittigen;103;72;54;42;45;44;12;12;0;0
Tiere - Pferdegattung;379;......0363 Ostermundigen;8;13;14;13;12;9;9;23;0;98
Tiere - Pferdegattung;380;......0403 Bäriswil;12;12;11;12;11;12;3;5;8;8
Tiere - Pferdegattung;381;......0535 Deisswil bei Münchenbuchsee;33;26;39;41;40;33;29;29;33;24
Tiere - Pferdegattung;382;......0538 Fraubrunnen;171;195;137;98;89;59;58;44;45;63
Tiere - Pferdegattung;383;......0540 Jegenstorf;36;41;28;32;27;28;25;29;44;56
Tiere - Pferdegattung;384;......0541 Iffwil;78;55;75;60;12;11;7;12;11;13
Tiere - Pferdegattung;385;......0543 Mattstetten;3;3;1;1;2;4;2;2;4;9
Tiere - Pferdegattung;386;......0544 Moosseedorf;43;64;44;25;13;16;3;7;8;11
Tiere - Pferdegattung;387;......0546 Münchenbuchsee;66;51;30;34;21;34;47;34;47;61
Tiere - Pferdegattung;388;......0551 Urtenen-Schönbühl;37;40;37;44;43;37;14;14;18;22
Tiere - Pferdegattung;389;......0553 Wiggiswil;6;4;3;11;5;15;11;19;23;13
Tiere - Pferdegattung;390;......0557 Zuzwil (BE);23;27;22;13;12;12;13;12;17;16
Tiere - Pferdegattung;391;......0602 Arni (BE);30;21;22;22;37;40;60;61;67;75
Tiere - Pferdegattung;392;......0603 Biglen;57;65;56;45;18;27;17;19;26;37
Tiere - Pferdegattung;393;......0605 Bowil;30;15;18;23;41;34;42;50;78;85
Tiere - Pferdegattung;394;......0606 Brenzikofen;8;2;0;0;0;1;1;5;5;7
Tiere - Pferdegattung;395;......0607 Freimettigen;7;7;6;5;9;13;10;15;14;13
Tiere - Pferdegattung;396;......0608 Grosshöchstetten;36;43;46;29;30;28;29;22;26;15
Tiere - Pferdegattung;397;......0609 Häutligen;17;18;20;15;12;6;7;12;17;24
Tiere - Pferdegattung;398;......0610 Herbligen;29;30;31;8;8;12;6;4;4;9
Tiere - Pferdegattung;399;......0611 Kiesen;40;22;12;13;7;35;9;3;2;4
Tiere - Pferdegattung;400;......0612 Konolfingen;123;75;89;58;61;58;63;53;74;95
Tiere - Pferdegattung;401;......0613 Landiswil;36;31;33;41;33;30;51;50;48;59
Tiere - Pferdegattung;402;......0614 Linden;40;41;68;39;35;24;21;24;44;55
Tiere - Pferdegattung;403;......0615 Mirchel;23;9;7;16;15;16;17;16;18;19
Tiere - Pferdegattung;404;......0616 Münsingen;104;134;171;94;123;97;70;63;78;57
Tiere - Pferdegattung;405;......0617 Niederhünigen;44;52;79;73;57;47;23;22;20;22
Tiere - Pferdegattung;406;......0619 Oberdiessbach;47;48;74;67;76;47;46;42;49;67
Tiere - Pferdegattung;407;......0620 Oberthal;23;29;32;49;53;65;60;68;74;95
Tiere - Pferdegattung;408;......0622 Oppligen;17;17;16;15;18;18;12;3;1;3
Tiere - Pferdegattung;409;......0623 Rubigen;60;59;39;39;41;35;66;61;44;60
Tiere - Pferdegattung;410;......0626 Walkringen;29;22;26;37;46;56;93;97;88;93
Tiere - Pferdegattung;411;......0627 Worb;237;232;222;218;207;151;86;90;79;98
Tiere - Pferdegattung;412;......0628 Zäziwil;4;5;3;16;21;10;17;18;18;27
Tiere - Pferdegattung;413;......0629 Oberhünigen;37;21;23;22;20;31;22;25;26;65
Tiere - Pferdegattung;414;......0630 Allmendingen;40;28;27;17;24;23;0;0;0;0
Tiere - Pferdegattung;415;......0632 Wichtrach;66;77;81;51;36;30;25;23;23;26
Tiere - Pferdegattung;416;......0662 Ferenbalm;70;50;41;37;22;29;17;22;18;28
Tiere - Pferdegattung;417;......0663 Frauenkappelen;42;104;90;64;53;57;35;21;24;37
Tiere - Pferdegattung;418;......0665 Gurbrü;40;44;43;41;20;14;10;4;11;13
Tiere - Pferdegattung;419;......0666 Kriechenwil;19;16;20;19;14;9;21;18;24;32
Tiere - Pferdegattung;420;......0667 Laupen;0;0;0;0;0;1;3;2;6;6
Tiere - Pferdegattung;421;......0668 Mühleberg;70;101;82;70;74;93;75;69;80;104
Tiere - Pferdegattung;422;......0669 Münchenwiler;57;34;48;58;43;22;13;15;11;15
Tiere - Pferdegattung;423;......0670 Neuenegg;118;128;147;176;179;137;103;66;84;77
Tiere - Pferdegattung;424;......0671 Wileroltigen;23;21;20;24;29;33;28;27;10;13
Tiere - Pferdegattung;425;......0852 Guggisberg;128;166;183;169;144;147;104;119;135;158
Tiere - Pferdegattung;426;......0853 Rüschegg;75;93;115;90;68;70;85;70;47;77
Tiere - Pferdegattung;427;......0855 Schwarzenburg;296;256;260;277;242;248;207;216;216;300
Tiere - Pferdegattung;428;......0861 Belp;121;111;116;92;70;82;81;88;89;86
Tiere - Pferdegattung;429;......0866 Gerzensee;83;71;70;69;30;35;35;28;40;53
Tiere - Pferdegattung;430;......0868 Jaberg;27;4;2;2;3;6;3;7;7;12
Tiere - Pferdegattung;431;......0869 Kaufdorf;4;3;12;15;16;15;21;27;19;20
Tiere - Pferdegattung;432;......0870 Kehrsatz;24;24;29;24;41;36;26;26;17;19
Tiere - Pferdegattung;433;......0872 Kirchdorf (BE);85;83;56;60;68;69;68;74;85;86
Tiere - Pferdegattung;434;......0877 Niedermuhlern;17;15;29;26;29;31;54;45;56;61
Tiere - Pferdegattung;435;......0879 Riggisberg;146;111;91;88;97;105;103;96;106;154
Tiere - Pferdegattung;436;......0880 Rüeggisberg;126;115;175;156;180;211;195;206;203;219
Tiere - Pferdegattung;437;......0884 Toffen;18;10;10;10;11;15;16;17;14;13
Tiere - Pferdegattung;438;......0888 Wald (BE);72;64;62;66;85;68;66;72;83;108
Tiere - Pferdegattung;439;......0889 Thurnen;36;31;33;39;51;41;11;21;21;32
Tiere - Pferdegattung;440;>> Verwaltungskreis Thun;970;861;993;915;866;864;766;822;778;955
Tiere - Pferdegattung;441;......0767 Reutigen;5;11;9;9;7;4;1;2;4;6
Tiere - Pferdegattung;442;......0770 Stocken-Höfen;61;63;73;63;30;30;25;21;35;23
Tiere - Pferdegattung;443;......0863 Burgistein;25;21;21;31;24;32;25;31;32;43
Tiere - Pferdegattung;444;......0867 Gurzelen;31;49;33;28;26;35;45;50;51;58
Tiere - Pferdegattung;445;......0883 Seftigen;11;12;17;10;20;19;30;16;16;22
Tiere - Pferdegattung;446;......0885 Uttigen;59;38;131;53;36;32;23;19;19;17
Tiere - Pferdegattung;447;......0886 Wattenwil;33;9;8;9;16;16;19;19;28;48
Tiere - Pferdegattung;448;......0921 Amsoldingen;18;11;3;3;6;6;7;11;12;18
Tiere - Pferdegattung;449;......0922 Blumenstein;23;11;17;24;25;21;10;11;16;30
Tiere - Pferdegattung;450;......0923 Buchholterberg;38;30;41;64;59;52;50;56;64;85
Tiere - Pferdegattung;451;......0924 Eriz;30;34;31;30;18;13;9;11;7;10
Tiere - Pferdegattung;452;......0925 Fahrni;67;65;78;57;47;43;51;53;49;47
Tiere - Pferdegattung;453;......0927 Heiligenschwendi;23;25;25;23;23;20;22;12;21;19
Tiere - Pferdegattung;454;......0928 Heimberg;25;21;27;21;19;23;8;17;10;11
Tiere - Pferdegattung;455;......0929 Hilterfingen;0;0;0;0;0;0;0;1;1;1
Tiere - Pferdegattung;456;......0931 Homberg;13;6;11;14;22;23;26;29;34;39
Tiere - Pferdegattung;457;......0932 Horrenbach-Buchen;26;19;9;11;15;21;18;18;17;19
Tiere - Pferdegattung;458;......0934 Oberhofen am Thunersee;0;0;2;3;6;4;5;2;5;3
Tiere - Pferdegattung;459;......0935 Oberlangenegg;7;12;25;18;21;17;20;32;29;35
Tiere - Pferdegattung;460;......0936 Pohlern;6;9;9;13;12;12;7;8;7;8
Tiere - Pferdegattung;461;......0938 Sigriswil;32;21;18;13;16;19;24;23;22;33
Tiere - Pferdegattung;462;......0939 Steffisburg;56;36;53;74;76;87;108;121;97;113
Tiere - Pferdegattung;463;......0940 Teuffenthal (BE);6;11;12;8;9;3;3;6;6;9
Tiere - Pferdegattung;464;......0941 Thierachern;57;44;43;51;44;27;17;23;19;28
Tiere - Pferdegattung;465;......0942 Thun;48;48;46;68;65;40;60;91;27;53
Tiere - Pferdegattung;466;......0943 Uebeschi;51;51;38;43;65;104;40;32;34;42
Tiere - Pferdegattung;467;......0944 Uetendorf;94;90;98;64;49;28;27;38;37;46
Tiere - Pferdegattung;468;......0945 Unterlangenegg;62;44;64;58;61;71;42;31;34;26
Tiere - Pferdegattung;469;......0946 Wachseldorn;35;31;32;33;28;26;16;13;14;16
Tiere - Pferdegattung;470;......0947 Zwieselberg;3;7;6;2;5;8;2;1;5;9
Tiere - Pferdegattung;471;......0948 Forst-Längenbühl;25;32;13;17;16;28;26;24;26;38
Tiere - Pferdegattung;472;>> Verwaltungskreis Obersimmental-Saanen;243;246;274;241;205;196;127;140;145;176
Tiere - Pferdegattung;473;......0791 Boltigen;33;40;33;39;23;32;11;10;24;27
Tiere - Pferdegattung;474;......0792 Lenk;39;47;26;23;27;26;13;12;13;13
Tiere - Pferdegattung;475;......0793 St. Stephan;35;23;26;59;54;31;8;11;11;12
Tiere - Pferdegattung;476;......0794 Zweisimmen;46;48;71;39;30;28;26;20;16;21
Tiere - Pferdegattung;477;......0841 Gsteig;2;2;7;6;6;7;5;5;5;8
Tiere - Pferdegattung;478;......0842 Lauenen;22;20;33;21;18;17;20;15;17;17
Tiere - Pferdegattung;479;......0843 Saanen;66;66;78;54;47;55;44;67;59;78
Tiere - Pferdegattung;480;>> Verwaltungskreis Frutigen-Niedersimmental;471;429;521;448;442;427;277;224;266;221
Tiere - Pferdegattung;481;......0561 Adelboden;12;7;30;29;31;8;14;12;9;4
Tiere - Pferdegattung;482;......0562 Aeschi bei Spiez;50;43;52;61;66;47;22;15;20;22
Tiere - Pferdegattung;483;......0563 Frutigen;126;121;151;84;49;59;11;11;16;13
Tiere - Pferdegattung;484;......0564 Kandergrund;11;10;7;7;6;13;22;13;5;8
Tiere - Pferdegattung;485;......0565 Kandersteg;4;6;2;6;2;5;16;7;11;9
Tiere - Pferdegattung;486;......0566 Krattigen;3;3;3;4;3;5;4;7;3;4
Tiere - Pferdegattung;487;......0567 Reichenbach im Kandertal;65;51;44;41;38;33;30;21;15;27
Tiere - Pferdegattung;488;......0761 Därstetten;3;2;7;11;7;10;4;10;10;15
Tiere - Pferdegattung;489;......0762 Diemtigen;53;59;65;58;50;32;17;36;39;22
Tiere - Pferdegattung;490;......0763 Erlenbach im Simmental;21;18;37;36;37;32;31;19;21;23
Tiere - Pferdegattung;491;......0766 Oberwil im Simmental;14;18;12;16;15;13;12;15;19;19
Tiere - Pferdegattung;492;......0768 Spiez;45;35;68;53;92;120;57;36;61;35
Tiere - Pferdegattung;493;......0769 Wimmis;64;56;43;42;46;50;37;22;37;20
Tiere - Schafe;366;......0307 Meikirch;650;289;278;359;191;121;65;56;70;66
Tiere - Schafe;367;......0351 Bern;358;356;659;549;414;515;433;645;728;809
Tiere - Schafe;368;......0352 Bolligen;309;303;380;404;149;121;195;190;263;0
Tiere - Schafe;369;......0353 Bremgarten bei Bern;87;0;88;86;78;148;89;31;40;41
Tiere - Schafe;370;......0354 Kirchlindach;39;116;184;159;194;273;199;129;171;187
Tiere - Schafe;371;......0355 Köniz;479;469;648;751;813;954;565;397;378;352
Tiere - Schafe;372;......0356 Muri bei Bern;8;0;3;23;6;0;40;52;74;66
Tiere - Schafe;373;......0357 Oberbalm;202;312;392;378;241;223;263;188;135;133
Tiere - Schafe;374;......0358 Stettlen;0;32;10;3;9;11;56;57;47;22
Tiere - Schafe;375;......0359 Vechigen;645;660;948;745;639;611;376;256;204;423
Tiere - Schafe;376;......0360 Wohlen bei Bern;486;370;433;330;628;282;274;290;264;237
Tiere - Schafe;377;......0361 Zollikofen;0;83;0;102;25;104;93;167;163;121
Tiere - Schafe;378;......0362 Ittigen;25;72;89;72;182;81;71;16;0;0
Tiere - Schafe;379;......0363 Ostermundigen;147;194;260;162;161;107;17;44;0;300
Tiere - Schafe;380;......0403 Bäriswil;0;0;0;0;2;45;29;13;18;23
Tiere - Schafe;381;......0535 Deisswil bei Münchenbuchsee;0;0;0;14;24;19;21;18;17;7
Tiere - Schafe;382;......0538 Fraubrunnen;132;339;282;429;119;156;77;162;71;30
Tiere - Schafe;383;......0540 Jegenstorf;31;35;60;74;179;79;49;60;61;65
Tiere - Schafe;384;......0541 Iffwil;20;2;36;5;3;4;16;21;17;34
Tiere - Schafe;385;......0543 Mattstetten;0;4;10;6;21;9;8;7;9;12
Tiere - Schafe;386;......0544 Moosseedorf;0;0;20;15;11;20;13;18;32;29
Tiere - Schafe;387;......0546 Münchenbuchsee;4;13;28;8;20;81;66;78;126;108
Tiere - Schafe;388;......0551 Urtenen-Schönbühl;25;0;10;15;13;53;12;8;4;22
Tiere - Schafe;389;......0553 Wiggiswil;0;0;0;0;0;11;12;2;0;8
Tiere - Schafe;390;......0557 Zuzwil (BE);0;14;108;6;4;41;48;28;29;38
Tiere - Schafe;391;......0602 Arni (BE);89;141;131;127;117;159;62;82;62;40
Tiere - Schafe;392;......0603 Biglen;346;285;223;114;119;47;75;37;43;22
Tiere - Schafe;393;......0605 Bowil;205;225;136;152;245;375;346;283;243;181
Tiere - Schafe;394;......0606 Brenzikofen;0;0;0;0;0;10;13;10;0;11
Tiere - Schafe;395;......0607 Freimettigen;4;30;43;40;26;17;49;36;17;15
Tiere - Schafe;396;......0608 Grosshöchstetten;98;55;83;78;116;198;78;146;50;58
Tiere - Schafe;397;......0609 Häutligen;86;58;8;24;24;72;19;39;43;34
Tiere - Schafe;398;......0610 Herbligen;32;27;38;96;85;58;18;26;2;10
Tiere - Schafe;399;......0611 Kiesen;0;0;0;0;0;0;0;0;12;0
Tiere - Schafe;400;......0612 Konolfingen;267;223;221;296;167;305;243;207;195;221
Tiere - Schafe;401;......0613 Landiswil;192;207;187;211;63;77;175;58;33;28
Tiere - Schafe;402;......0614 Linden;315;452;521;647;503;467;397;262;140;159
Tiere - Schafe;403;......0615 Mirchel;15;28;42;105;112;27;17;11;7;9
Tiere - Schafe;404;......0616 Münsingen;54;58;68;50;110;172;180;165;135;105
Tiere - Schafe;405;......0617 Niederhünigen;43;35;29;39;68;14;24;37;37;26
Tiere - Schafe;406;......0619 Oberdiessbach;412;442;720;944;357;330;260;322;327;348
Tiere - Schafe;407;......0620 Oberthal;213;230;164;87;186;294;225;170;111;126
Tiere - Schafe;408;......0622 Oppligen;2;0;3;0;12;2;5;5;7;25
Tiere - Schafe;409;......0623 Rubigen;12;31;31;41;72;84;122;90;40;28
Tiere - Schafe;410;......0626 Walkringen;633;579;566;479;478;354;418;411;318;281
Tiere - Schafe;411;......0627 Worb;167;152;228;172;369;534;234;183;73;93
Tiere - Schafe;412;......0628 Zäziwil;4;68;105;52;96;102;129;33;47;73
Tiere - Schafe;413;......0629 Oberhünigen;30;22;50;28;9;41;21;19;19;47
Tiere - Schafe;414;......0630 Allmendingen;9;12;19;12;16;19;0;0;0;0
Tiere - Schafe;415;......0632 Wichtrach;106;236;340;209;48;111;115;76;48;75
Tiere - Schafe;416;......0662 Ferenbalm;102;197;278;219;155;127;121;138;112;137
Tiere - Schafe;417;......0663 Frauenkappelen;67;92;223;190;107;69;23;19;34;17
Tiere - Schafe;418;......0665 Gurbrü;1663;655;518;586;483;91;87;10;11;15
Tiere - Schafe;419;......0666 Kriechenwil;90;77;80;89;4;3;8;0;1;0
Tiere - Schafe;420;......0667 Laupen;0;0;11;20;12;12;29;10;17;25
Tiere - Schafe;421;......0668 Mühleberg;486;398;452;303;302;372;265;303;459;681
Tiere - Schafe;422;......0669 Münchenwiler;130;130;173;22;220;72;5;2;6;8
Tiere - Schafe;423;......0670 Neuenegg;99;113;120;253;232;329;255;155;88;77
Tiere - Schafe;424;......0671 Wileroltigen;295;321;383;344;87;196;159;37;36;25
Tiere - Schafe;425;......0852 Guggisberg;285;297;358;365;420;404;324;254;258;244
Tiere - Schafe;426;......0853 Rüschegg;234;331;580;514;395;291;289;318;119;198
Tiere - Schafe;427;......0855 Schwarzenburg;3017;2796;3074;2538;1196;1040;637;310;335;308
Tiere - Schafe;428;......0861 Belp;1450;868;855;1005;607;814;601;366;1078;409
Tiere - Schafe;429;......0866 Gerzensee;252;157;286;225;159;88;115;109;70;97
Tiere - Schafe;430;......0868 Jaberg;54;30;60;73;41;17;9;10;0;27
Tiere - Schafe;431;......0869 Kaufdorf;144;100;126;85;87;63;55;22;21;23
Tiere - Schafe;432;......0870 Kehrsatz;295;124;98;79;65;48;229;283;317;403
Tiere - Schafe;433;......0872 Kirchdorf (BE);196;694;941;618;293;203;117;77;140;164
Tiere - Schafe;434;......0877 Niedermuhlern;70;81;63;270;172;109;105;66;39;32
Tiere - Schafe;435;......0879 Riggisberg;236;264;302;410;313;473;366;88;116;81
Tiere - Schafe;436;......0880 Rüeggisberg;2343;2456;1862;1925;1356;737;805;462;284;361
Tiere - Schafe;437;......0884 Toffen;86;62;38;86;111;180;204;69;53;23
Tiere - Schafe;438;......0888 Wald (BE);434;443;429;313;213;426;334;42;50;40
Tiere - Schafe;439;......0889 Thurnen;250;218;201;193;235;219;179;67;68;7
Tiere - Schafe;440;>> Verwaltungskreis Thun;4818;4755;6160;7089;4764;4770;4344;2991;2332;2306
Tiere - Schafe;441;......0767 Reutigen;0;0;0;0;23;62;50;43;0;0
Tiere - Schafe;442;......0770 Stocken-Höfen;35;81;69;94;49;74;66;81;67;62
Tiere - Schafe;443;......0863 Burgistein;296;236;436;249;142;173;227;183;126;134
Tiere - Schafe;444;......0867 Gurzelen;42;158;165;93;206;231;155;81;48;30
Tiere - Schafe;445;......0883 Seftigen;88;32;77;49;41;30;93;61;62;39
Tiere - Schafe;446;......0885 Uttigen;0;0;0;0;0;45;79;93;83;98
Tiere - Schafe;447;......0886 Wattenwil;150;189;498;475;440;443;342;271;161;63
Tiere - Schafe;448;......0921 Amsoldingen;39;0;0;0;7;38;46;20;20;9
Tiere - Schafe;449;......0922 Blumenstein;89;189;141;176;121;127;105;35;44;54
Tiere - Schafe;450;......0923 Buchholterberg;803;694;766;899;373;227;245;73;55;114
Tiere - Schafe;451;......0924 Eriz;363;379;576;671;407;358;310;195;213;135
Tiere - Schafe;452;......0925 Fahrni;43;56;217;174;158;106;99;62;39;64
Tiere - Schafe;453;......0927 Heiligenschwendi;64;67;105;125;80;82;90;139;30;145
Tiere - Schafe;454;......0928 Heimberg;40;58;22;30;24;41;55;30;56;24
Tiere - Schafe;455;......0929 Hilterfingen;0;0;0;0;0;0;1;23;14;17
Tiere - Schafe;456;......0931 Homberg;175;128;186;196;102;79;54;26;14;27
Tiere - Schafe;457;......0932 Horrenbach-Buchen;165;165;176;168;103;49;47;32;47;61
Tiere - Schafe;458;......0934 Oberhofen am Thunersee;2;7;7;28;29;42;32;22;4;0
Tiere - Schafe;459;......0935 Oberlangenegg;560;373;346;412;159;203;115;91;114;96
Tiere - Schafe;460;......0936 Pohlern;0;78;0;12;58;109;32;13;22;25
Tiere - Schafe;461;......0938 Sigriswil;464;317;367;434;438;526;495;357;292;321
Tiere - Schafe;462;......0939 Steffisburg;88;114;163;308;264;379;339;216;155;240
Tiere - Schafe;463;......0940 Teuffenthal (BE);15;5;73;36;8;4;17;5;11;0
Tiere - Schafe;464;......0941 Thierachern;141;89;119;122;119;122;113;51;63;45
Tiere - Schafe;465;......0942 Thun;158;199;239;810;261;276;387;292;159;218
Tiere - Schafe;466;......0943 Uebeschi;55;8;97;68;16;68;54;28;52;19
Tiere - Schafe;467;......0944 Uetendorf;196;199;199;248;247;267;217;168;129;109
Tiere - Schafe;468;......0945 Unterlangenegg;644;746;879;1046;704;478;403;191;151;103
Tiere - Schafe;469;......0946 Wachseldorn;36;62;49;44;43;10;3;14;0;3
Tiere - Schafe;470;......0947 Zwieselberg;0;36;98;29;43;35;5;57;67;27
Tiere - Schafe;471;......0948 Forst-Längenbühl;67;90;90;93;99;86;68;38;34;24
Tiere - Schafe;472;>> Verwaltungskreis Obersimmental-Saanen;1240;1311;2474;2242;2103;2564;2405;2338;2085;2121
Tiere - Schafe;473;......0791 Boltigen;286;278;320;270;220;208;169;151;172;191
Tiere - Schafe;474;......0792 Lenk;128;261;460;406;542;528;450;639;338;254
Tiere - Schafe;475;......0793 St. Stephan;132;0;52;90;119;190;176;82;74;79
Tiere - Schafe;476;......0794 Zweisimmen;338;337;584;567;506;573;512;317;275;312
Tiere - Schafe;477;......0841 Gsteig;29;39;129;129;167;302;306;347;344;417
Tiere - Schafe;478;......0842 Lauenen;144;156;310;154;91;52;50;56;50;51
Tiere - Schafe;479;......0843 Saanen;183;240;619;626;458;711;742;746;832;817
Tiere - Schafe;480;>> Verwaltungskreis Frutigen-Niedersimmental;2291;2397;2474;2708;2882;3371;3497;2632;2713;2599
Tiere - Schafe;481;......0561 Adelboden;104;125;364;390;391;369;342;288;205;269
Tiere - Schafe;482;......0562 Aeschi bei Spiez;336;320;387;356;209;371;296;173;142;98
Tiere - Schafe;483;......0563 Frutigen;436;432;458;526;606;507;508;316;320;279
Tiere - Schafe;484;......0564 Kandergrund;19;35;59;60;74;91;111;86;366;181
Tiere - Schafe;485;......0565 Kandersteg;93;102;138;154;183;317;377;286;233;265
Tiere - Schafe;486;......0566 Krattigen;4;6;12;10;0;0;18;11;12;25
Tiere - Schafe;487;......0567 Reichenbach im Kandertal;445;603;247;247;162;191;157;209;75;73
Tiere - Schafe;488;......0761 Därstetten;0;0;0;117;112;149;137;90;91;13
Tiere - Schafe;489;......0762 Diemtigen;156;285;251;218;258;256;257;324;290;339
Tiere - Schafe;490;......0763 Erlenbach im Simmental;80;79;73;123;149;147;115;52;101;101
Tiere - Schafe;491;......0766 Oberwil im Simmental;332;335;271;274;267;232;255;182;257;243
Tiere - Schafe;492;......0768 Spiez;181;53;155;184;373;585;705;427;471;538
Tiere - Schafe;493;......0769 Wimmis;105;22;59;49;98;156;219;188;150;175
Tiere - Ziege;366;......0307 Meikirch;40;18;29;76;1;0;0;9;0;3
Tiere - Ziege;367;......0351 Bern;11;21;4;4;62;0;5;17;4;0
Tiere - Ziege;368;......0352 Bolligen;19;8;16;12;8;1;35;7;2;0
Tiere - Ziege;369;......0353 Bremgarten bei Bern;0;0;0;2;0;0;4;0;0;0
Tiere - Ziege;370;......0354 Kirchlindach;5;5;15;43;63;3;102;5;0;3
Tiere - Ziege;371;......0355 Köniz;98;135;113;133;228;91;55;59;45;47
Tiere - Ziege;372;......0356 Muri bei Bern;0;2;3;0;0;2;2;1;0;0
Tiere - Ziege;373;......0357 Oberbalm;21;17;8;58;44;44;25;32;34;30
Tiere - Ziege;374;......0358 Stettlen;8;9;2;6;3;0;0;2;0;0
Tiere - Ziege;375;......0359 Vechigen;52;57;53;58;58;34;41;23;9;14
Tiere - Ziege;376;......0360 Wohlen bei Bern;91;60;86;77;73;38;46;25;10;4
Tiere - Ziege;377;......0361 Zollikofen;11;15;0;21;1;19;0;2;0;2
Tiere - Ziege;378;......0362 Ittigen;0;0;0;2;0;16;0;11;0;0
Tiere - Ziege;379;......0363 Ostermundigen;0;0;2;2;4;0;0;2;0;6
Tiere - Ziege;380;......0403 Bäriswil;0;0;1;3;2;0;0;0;0;0
Tiere - Ziege;381;......0535 Deisswil bei Münchenbuchsee;2;0;0;0;0;0;0;0;0;0
Tiere - Ziege;382;......0538 Fraubrunnen;37;35;34;36;23;18;9;6;11;14
Tiere - Ziege;383;......0540 Jegenstorf;41;10;2;7;15;1;11;3;4;2
Tiere - Ziege;384;......0541 Iffwil;3;0;2;3;0;0;7;1;1;1
Tiere - Ziege;385;......0543 Mattstetten;2;2;3;5;4;6;0;0;1;0
Tiere - Ziege;386;......0544 Moosseedorf;0;2;14;8;2;3;8;9;2;6
Tiere - Ziege;387;......0546 Münchenbuchsee;3;2;2;2;2;11;0;16;4;2
Tiere - Ziege;388;......0551 Urtenen-Schönbühl;4;0;9;0;3;2;0;1;4;2
Tiere - Ziege;389;......0553 Wiggiswil;0;2;2;0;1;0;0;0;0;0
Tiere - Ziege;390;......0557 Zuzwil (BE);0;0;0;0;10;0;1;1;1;0
Tiere - Ziege;391;......0602 Arni (BE);83;50;79;75;75;46;21;16;15;5
Tiere - Ziege;392;......0603 Biglen;11;49;30;27;14;8;5;12;2;8
Tiere - Ziege;393;......0605 Bowil;70;94;79;80;50;36;49;55;32;31
Tiere - Ziege;394;......0606 Brenzikofen;5;3;3;22;20;12;10;8;4;5
Tiere - Ziege;395;......0607 Freimettigen;54;116;110;28;6;7;0;1;3;2
Tiere - Ziege;396;......0608 Grosshöchstetten;12;0;6;8;3;0;6;5;5;2
Tiere - Ziege;397;......0609 Häutligen;11;12;8;3;5;3;5;2;0;3
Tiere - Ziege;398;......0610 Herbligen;2;3;8;4;13;11;2;1;7;3
Tiere - Ziege;399;......0611 Kiesen;2;2;0;0;1;0;1;0;0;0
Tiere - Ziege;400;......0612 Konolfingen;54;75;80;54;75;65;71;53;119;5
Tiere - Ziege;401;......0613 Landiswil;70;80;64;59;43;31;9;18;7;15
Tiere - Ziege;402;......0614 Linden;104;94;68;71;54;68;57;39;33;41
Tiere - Ziege;403;......0615 Mirchel;38;26;24;14;2;1;11;5;4;4
Tiere - Ziege;404;......0616 Münsingen;15;25;19;1;5;6;13;11;22;15
Tiere - Ziege;405;......0617 Niederhünigen;0;13;13;6;24;7;10;4;6;4
Tiere - Ziege;406;......0619 Oberdiessbach;40;56;20;48;67;62;85;51;47;59
Tiere - Ziege;407;......0620 Oberthal;81;72;52;33;30;34;23;2;7;16
Tiere - Ziege;408;......0622 Oppligen;0;0;2;1;3;3;6;4;0;1
Tiere - Ziege;409;......0623 Rubigen;21;9;23;14;16;7;20;17;27;6
Tiere - Ziege;410;......0626 Walkringen;27;34;47;58;50;34;77;45;44;19
Tiere - Ziege;411;......0627 Worb;89;72;67;67;58;28;30;49;22;7
Tiere - Ziege;412;......0628 Zäziwil;21;0;19;9;15;16;36;19;15;11
Tiere - Ziege;413;......0629 Oberhünigen;7;2;0;2;3;4;6;7;10;4
Tiere - Ziege;414;......0630 Allmendingen;6;6;0;0;3;1;0;0;0;0
Tiere - Ziege;415;......0632 Wichtrach;24;28;23;19;13;6;14;5;2;28
Tiere - Ziege;416;......0662 Ferenbalm;76;54;20;3;0;0;8;1;6;6
Tiere - Ziege;417;......0663 Frauenkappelen;2;4;12;7;3;4;0;1;0;2
Tiere - Ziege;418;......0665 Gurbrü;5;8;7;19;0;0;0;4;0;3
Tiere - Ziege;419;......0666 Kriechenwil;121;118;18;14;2;1;1;0;0;0
Tiere - Ziege;420;......0667 Laupen;0;0;0;0;0;0;0;0;0;0
Tiere - Ziege;421;......0668 Mühleberg;41;34;35;89;61;16;33;23;25;10
Tiere - Ziege;422;......0669 Münchenwiler;3;0;1;5;6;0;0;0;6;0
Tiere - Ziege;423;......0670 Neuenegg;18;21;29;33;38;16;21;4;5;1
Tiere - Ziege;424;......0671 Wileroltigen;0;0;0;2;2;0;0;3;0;0
Tiere - Ziege;425;......0852 Guggisberg;173;199;266;291;295;211;160;114;142;90
Tiere - Ziege;426;......0853 Rüschegg;90;105;135;174;174;67;72;80;19;52
Tiere - Ziege;427;......0855 Schwarzenburg;510;184;215;260;235;229;172;134;95;63
Tiere - Ziege;428;......0861 Belp;23;13;8;37;15;57;25;48;54;20
Tiere - Ziege;429;......0866 Gerzensee;4;19;9;11;1;2;10;7;5;8
Tiere - Ziege;430;......0868 Jaberg;0;0;0;0;4;24;42;3;1;2
Tiere - Ziege;431;......0869 Kaufdorf;2;5;0;4;0;5;3;4;3;2
Tiere - Ziege;432;......0870 Kehrsatz;71;141;71;65;48;0;0;2;0;2
Tiere - Ziege;433;......0872 Kirchdorf (BE);18;104;173;126;68;39;37;20;6;9
Tiere - Ziege;434;......0877 Niedermuhlern;6;6;0;10;10;6;9;6;3;7
Tiere - Ziege;435;......0879 Riggisberg;54;47;50;60;65;49;96;74;60;46
Tiere - Ziege;436;......0880 Rüeggisberg;21;28;51;65;59;41;105;111;53;32
Tiere - Ziege;437;......0884 Toffen;9;4;9;20;13;13;10;30;19;0
Tiere - Ziege;438;......0888 Wald (BE);2;6;25;33;20;46;19;4;6;1
Tiere - Ziege;439;......0889 Thurnen;167;28;27;17;24;10;7;7;12;4
Tiere - Ziege;440;>> Verwaltungskreis Thun;1781;1783;1810;1618;1196;1040;987;790;721;695
Tiere - Ziege;441;......0767 Reutigen;45;46;40;45;31;49;3;19;11;13
Tiere - Ziege;442;......0770 Stocken-Höfen;41;58;79;61;84;87;56;41;26;43
Tiere - Ziege;443;......0863 Burgistein;89;163;75;71;37;16;25;19;40;36
Tiere - Ziege;444;......0867 Gurzelen;401;316;271;110;48;60;23;13;7;15
Tiere - Ziege;445;......0883 Seftigen;17;8;7;14;30;22;35;7;12;6
Tiere - Ziege;446;......0885 Uttigen;0;0;4;0;0;0;0;10;0;3
Tiere - Ziege;447;......0886 Wattenwil;21;36;30;25;24;12;4;20;40;29
Tiere - Ziege;448;......0921 Amsoldingen;4;5;7;6;0;0;5;0;6;5
Tiere - Ziege;449;......0922 Blumenstein;104;126;141;149;95;24;40;68;71;51
Tiere - Ziege;450;......0923 Buchholterberg;146;94;156;157;108;94;102;73;75;61
Tiere - Ziege;451;......0924 Eriz;48;88;146;144;120;115;118;83;50;40
Tiere - Ziege;452;......0925 Fahrni;49;58;25;51;61;50;55;20;28;20
Tiere - Ziege;453;......0927 Heiligenschwendi;24;46;45;3;2;4;17;33;27;21
Tiere - Ziege;454;......0928 Heimberg;2;0;20;32;12;5;2;5;0;1
Tiere - Ziege;455;......0929 Hilterfingen;0;0;0;0;0;0;5;0;0;0
Tiere - Ziege;456;......0931 Homberg;104;74;91;95;26;13;8;10;6;17
Tiere - Ziege;457;......0932 Horrenbach-Buchen;75;113;110;122;119;69;79;50;44;46
Tiere - Ziege;458;......0934 Oberhofen am Thunersee;1;3;0;6;8;3;4;1;6;3
Tiere - Ziege;459;......0935 Oberlangenegg;19;29;27;29;13;1;5;16;2;18
Tiere - Ziege;460;......0936 Pohlern;5;5;19;15;23;40;17;17;5;4
Tiere - Ziege;461;......0938 Sigriswil;221;226;256;198;116;165;157;118;111;65
Tiere - Ziege;462;......0939 Steffisburg;67;41;44;55;21;46;27;17;23;28
Tiere - Ziege;463;......0940 Teuffenthal (BE);46;30;18;23;9;10;15;14;14;6
Tiere - Ziege;464;......0941 Thierachern;7;14;8;2;7;10;5;0;3;10
Tiere - Ziege;465;......0942 Thun;15;32;34;30;24;20;21;19;6;26
Tiere - Ziege;466;......0943 Uebeschi;36;26;19;49;39;27;42;36;41;27
Tiere - Ziege;467;......0944 Uetendorf;74;66;36;46;45;8;17;7;0;7
Tiere - Ziege;468;......0945 Unterlangenegg;43;35;61;44;46;41;46;43;36;51
Tiere - Ziege;469;......0946 Wachseldorn;11;26;32;16;25;20;34;19;19;22
Tiere - Ziege;470;......0947 Zwieselberg;3;3;3;11;21;21;11;4;3;0
Tiere - Ziege;471;......0948 Forst-Längenbühl;63;16;6;9;2;8;9;8;9;21
Tiere - Ziege;472;>> Verwaltungskreis Obersimmental-Saanen;903;971;1450;1484;1246;1177;1270;1125;1006;1192
Tiere - Ziege;473;......0791 Boltigen;261;238;293;305;227;209;229;221;232;224
Tiere - Ziege;474;......0792 Lenk;72;75;171;227;219;161;122;168;118;101
Tiere - Ziege;475;......0793 St. Stephan;99;161;201;185;153;141;135;94;64;122
Tiere - Ziege;476;......0794 Zweisimmen;178;207;311;224;204;194;248;216;221;190
Tiere - Ziege;477;......0841 Gsteig;23;42;81;82;81;53;51;71;69;94
Tiere - Ziege;478;......0842 Lauenen;27;20;41;37;20;34;61;49;38;63
Tiere - Ziege;479;......0843 Saanen;243;228;352;424;342;385;424;306;264;398
Tiere - Ziege;480;>> Verwaltungskreis Frutigen-Niedersimmental;1294;1521;1831;2088;2216;2061;1668;1651;1586;1680
Tiere - Ziege;481;......0561 Adelboden;163;101;214;163;219;193;151;144;135;180
Tiere - Ziege;482;......0562 Aeschi bei Spiez;67;81;112;125;103;126;75;77;78;71
Tiere - Ziege;483;......0563 Frutigen;226;169;245;337;414;436;305;343;348;346
Tiere - Ziege;484;......0564 Kandergrund;50;56;91;95;129;81;99;69;154;100
Tiere - Ziege;485;......0565 Kandersteg;10;21;37;130;48;98;37;29;24;35
Tiere - Ziege;486;......0566 Krattigen;9;8;7;9;31;10;8;20;19;26
Tiere - Ziege;487;......0567 Reichenbach im Kandertal;215;349;298;327;367;166;167;153;126;171
Tiere - Ziege;488;......0761 Därstetten;145;146;116;146;124;110;102;73;65;92
Tiere - Ziege;489;......0762 Diemtigen;219;318;384;353;354;324;269;296;314;308
Tiere - Ziege;490;......0763 Erlenbach im Simmental;58;64;97;128;117;113;63;78;62;56
Tiere - Ziege;491;......0766 Oberwil im Simmental;82;102;141;176;211;253;214;215;165;183
Tiere - Ziege;492;......0768 Spiez;43;18;40;27;32;79;81;75;51;76
Tiere - Ziege;493;......0769 Wimmis;7;88;49;72;67;72;97;79;45;36
Tiere - Schweine;366;......0307 Meikirch;426;830;672;787;988;1354;2130;2182;1957;2098
Tiere - Schweine;367;......0351 Bern;2171;2363;2155;1721;1447;1453;1687;2442;3063;3099
Tiere - Schweine;368;......0352 Bolligen;611;882;1550;1713;1482;1377;1752;1773;2399;0
Tiere - Schweine;369;......0353 Bremgarten bei Bern;0;0;0;0;0;0;15;27;30;44
Tiere - Schweine;370;......0354 Kirchlindach;387;920;1035;1124;1083;1058;1411;1619;1830;1852
Tiere - Schweine;371;......0355 Köniz;1532;2093;2012;2484;2162;2047;3282;3515;4034;4217
Tiere - Schweine;372;......0356 Muri bei Bern;0;0;0;0;0;7;37;81;179;210
Tiere - Schweine;373;......0357 Oberbalm;748;969;984;1299;1613;1712;1808;1879;2079;1592
Tiere - Schweine;374;......0358 Stettlen;0;0;7;37;36;47;98;129;265;265
Tiere - Schweine;375;......0359 Vechigen;876;1918;1975;1923;2102;1989;2471;2827;3512;3245
Tiere - Schweine;376;......0360 Wohlen bei Bern;2269;2941;3542;4532;4862;4194;5532;6018;5949;5618
Tiere - Schweine;377;......0361 Zollikofen;606;1021;1618;1667;1491;1515;1206;1348;1424;1164
Tiere - Schweine;378;......0362 Ittigen;0;0;0;0;48;27;155;144;0;0
Tiere - Schweine;379;......0363 Ostermundigen;0;0;0;216;139;10;69;134;0;2217
Tiere - Schweine;380;......0403 Bäriswil;15;23;36;20;173;167;370;534;447;401
Tiere - Schweine;381;......0535 Deisswil bei Münchenbuchsee;0;0;0;24;250;197;352;601;452;367
Tiere - Schweine;382;......0538 Fraubrunnen;6126;7992;6586;8136;6544;5558;6836;6953;7739;6177
Tiere - Schweine;383;......0540 Jegenstorf;2218;3215;2758;1644;1893;2056;3040;2744;2852;2761
Tiere - Schweine;384;......0541 Iffwil;2083;2041;2347;2226;1288;1078;1104;1268;1354;943
Tiere - Schweine;385;......0543 Mattstetten;626;0;0;20;185;360;501;589;583;580
Tiere - Schweine;386;......0544 Moosseedorf;1261;1454;1806;911;1031;1022;992;989;1293;1159
Tiere - Schweine;387;......0546 Münchenbuchsee;2176;2173;3082;2783;2216;2148;2353;2769;2597;2639
Tiere - Schweine;388;......0551 Urtenen-Schönbühl;0;0;123;290;220;285;662;1056;1016;911
Tiere - Schweine;389;......0553 Wiggiswil;93;137;217;550;416;436;484;652;1043;1200
Tiere - Schweine;390;......0557 Zuzwil (BE);1481;1153;1513;2011;1673;1408;1272;1058;1427;1096
Tiere - Schweine;391;......0602 Arni (BE);628;894;1136;1387;1510;1481;1707;2028;2172;1850
Tiere - Schweine;392;......0603 Biglen;206;137;255;205;194;153;428;680;699;562
Tiere - Schweine;393;......0605 Bowil;664;803;1016;1007;852;863;1015;1382;1695;1584
Tiere - Schweine;394;......0606 Brenzikofen;0;80;146;189;255;243;176;243;275;79
Tiere - Schweine;395;......0607 Freimettigen;275;116;47;115;321;328;523;475;599;466
Tiere - Schweine;396;......0608 Grosshöchstetten;800;1046;1065;1210;1142;986;1224;1584;1530;490
Tiere - Schweine;397;......0609 Häutligen;902;386;490;494;199;198;268;266;398;375
Tiere - Schweine;398;......0610 Herbligen;0;0;230;203;58;92;207;364;343;752
Tiere - Schweine;399;......0611 Kiesen;1090;1173;1139;847;761;394;695;763;639;954
Tiere - Schweine;400;......0612 Konolfingen;2122;2125;2863;2522;2198;2050;1878;2124;2420;2372
Tiere - Schweine;401;......0613 Landiswil;458;829;1329;1213;1159;1274;1650;1682;1373;1652
Tiere - Schweine;402;......0614 Linden;2;59;213;173;157;155;149;394;500;666
Tiere - Schweine;403;......0615 Mirchel;254;308;243;359;301;220;592;774;761;650
Tiere - Schweine;404;......0616 Münsingen;293;698;461;1216;1181;1115;995;1008;1150;1483
Tiere - Schweine;405;......0617 Niederhünigen;0;0;0;11;124;217;161;342;423;441
Tiere - Schweine;406;......0619 Oberdiessbach;486;702;603;808;815;893;876;1212;1781;1628
Tiere - Schweine;407;......0620 Oberthal;222;332;396;581;662;771;1185;1466;1531;1749
Tiere - Schweine;408;......0622 Oppligen;112;133;240;180;327;378;313;409;499;285
Tiere - Schweine;409;......0623 Rubigen;78;74;332;373;484;375;2258;2776;2823;2477
Tiere - Schweine;410;......0626 Walkringen;1881;1173;1561;1474;955;602;897;1357;1448;1697
Tiere - Schweine;411;......0627 Worb;1963;2226;3198;2683;2937;2897;2677;3044;3272;2738
Tiere - Schweine;412;......0628 Zäziwil;336;563;729;570;607;1457;1780;1788;2139;1517
Tiere - Schweine;413;......0629 Oberhünigen;122;168;320;389;325;582;744;799;684;1375
Tiere - Schweine;414;......0630 Allmendingen;36;54;158;115;148;99;0;0;0;0
Tiere - Schweine;415;......0632 Wichtrach;75;172;202;295;326;846;1378;1899;1676;1212
Tiere - Schweine;416;......0662 Ferenbalm;520;848;1147;769;1074;955;1112;1412;1580;1159
Tiere - Schweine;417;......0663 Frauenkappelen;433;581;337;404;442;438;376;618;901;685
Tiere - Schweine;418;......0665 Gurbrü;0;0;0;0;0;70;14;138;150;309
Tiere - Schweine;419;......0666 Kriechenwil;42;46;151;173;221;310;428;896;1357;1208
Tiere - Schweine;420;......0667 Laupen;0;522;1009;604;519;446;88;208;207;179
Tiere - Schweine;421;......0668 Mühleberg;3908;4120;5458;6741;4424;5515;6204;7266;7142;5959
Tiere - Schweine;422;......0669 Münchenwiler;54;141;191;164;105;465;405;878;999;601
Tiere - Schweine;423;......0670 Neuenegg;2774;5239;4903;4842;3933;3690;4235;5089;6119;5162
Tiere - Schweine;424;......0671 Wileroltigen;0;25;18;104;390;462;653;811;1151;530
Tiere - Schweine;425;......0852 Guggisberg;131;311;484;384;819;1138;1357;1516;1716;1674
Tiere - Schweine;426;......0853 Rüschegg;150;172;284;385;407;517;778;860;781;722
Tiere - Schweine;427;......0855 Schwarzenburg;3013;3669;3736;3820;2915;2892;3930;4255;4401;3796
Tiere - Schweine;428;......0861 Belp;1173;1769;1957;1515;978;1064;1168;2103;2641;2356
Tiere - Schweine;429;......0866 Gerzensee;0;125;324;709;845;574;913;921;826;816
Tiere - Schweine;430;......0868 Jaberg;24;4;29;25;23;16;102;142;74;80
Tiere - Schweine;431;......0869 Kaufdorf;0;3;124;248;268;337;480;419;517;570
Tiere - Schweine;432;......0870 Kehrsatz;0;0;3;91;163;169;255;359;520;647
Tiere - Schweine;433;......0872 Kirchdorf (BE);4334;4234;4629;2632;2478;2550;2956;3509;3772;4023
Tiere - Schweine;434;......0877 Niedermuhlern;516;568;698;258;550;667;949;996;1123;983
Tiere - Schweine;435;......0879 Riggisberg;1724;1664;1764;1524;1710;2244;2432;3024;3424;3284
Tiere - Schweine;436;......0880 Rüeggisberg;694;1167;2065;2230;1915;2111;2613;2769;2945;2414
Tiere - Schweine;437;......0884 Toffen;0;0;0;47;94;89;290;365;239;231
Tiere - Schweine;438;......0888 Wald (BE);598;951;1544;1403;1202;964;1003;1416;1640;1721
Tiere - Schweine;439;......0889 Thurnen;650;533;553;1211;698;404;864;881;948;1162
Tiere - Schweine;440;>> Verwaltungskreis Thun;7357;8964;10848;10103;9487;9424;12302;15078;16556;15525
Tiere - Schweine;441;......0767 Reutigen;197;321;366;476;514;420;400;286;254;223
Tiere - Schweine;442;......0770 Stocken-Höfen;78;48;200;248;270;219;344;576;580;441
Tiere - Schweine;443;......0863 Burgistein;108;130;221;354;261;419;358;509;539;570
Tiere - Schweine;444;......0867 Gurzelen;1118;1301;1114;1020;595;434;510;715;652;527
Tiere - Schweine;445;......0883 Seftigen;4;3;22;48;30;41;217;188;237;168
Tiere - Schweine;446;......0885 Uttigen;183;255;254;649;291;156;251;356;339;201
Tiere - Schweine;447;......0886 Wattenwil;297;395;420;462;354;432;553;522;386;431
Tiere - Schweine;448;......0921 Amsoldingen;157;199;382;384;624;391;446;609;663;388
Tiere - Schweine;449;......0922 Blumenstein;378;418;551;334;322;371;273;580;566;508
Tiere - Schweine;450;......0923 Buchholterberg;1148;1589;1458;908;1081;1216;1934;1700;1923;1866
Tiere - Schweine;451;......0924 Eriz;0;0;12;20;18;47;100;113;162;212
Tiere - Schweine;452;......0925 Fahrni;414;749;939;785;544;662;1010;1230;1150;1142
Tiere - Schweine;453;......0927 Heiligenschwendi;16;89;89;80;127;122;155;190;234;178
Tiere - Schweine;454;......0928 Heimberg;111;308;612;584;705;507;730;829;974;673
Tiere - Schweine;455;......0929 Hilterfingen;0;0;0;0;0;0;0;0;0;6
Tiere - Schweine;456;......0931 Homberg;165;166;444;489;377;366;572;602;722;598
Tiere - Schweine;457;......0932 Horrenbach-Buchen;3;24;20;20;43;120;129;121;143;257
Tiere - Schweine;458;......0934 Oberhofen am Thunersee;0;0;0;0;0;0;0;9;14;20
Tiere - Schweine;459;......0935 Oberlangenegg;98;272;463;420;567;611;688;1021;1098;912
Tiere - Schweine;460;......0936 Pohlern;2;47;45;126;146;169;186;153;164;128
Tiere - Schweine;461;......0938 Sigriswil;5;10;19;8;59;70;169;298;483;537
Tiere - Schweine;462;......0939 Steffisburg;69;79;22;21;113;167;490;699;923;1202
Tiere - Schweine;463;......0940 Teuffenthal (BE);74;115;126;145;159;146;204;217;137;140
Tiere - Schweine;464;......0941 Thierachern;0;27;31;103;75;105;159;195;268;431
Tiere - Schweine;465;......0942 Thun;1;4;6;38;147;140;197;301;396;471
Tiere - Schweine;466;......0943 Uebeschi;963;917;596;720;413;468;256;348;363;457
Tiere - Schweine;467;......0944 Uetendorf;0;0;46;168;174;383;395;530;705;692
Tiere - Schweine;468;......0945 Unterlangenegg;103;101;594;557;682;722;968;1186;1331;1190
Tiere - Schweine;469;......0946 Wachseldorn;60;178;294;252;182;137;170;375;517;429
Tiere - Schweine;470;......0947 Zwieselberg;297;278;340;208;257;195;92;231;241;196
Tiere - Schweine;471;......0948 Forst-Längenbühl;1308;941;1162;476;357;188;346;389;392;331
Tiere - Schweine;472;>> Verwaltungskreis Obersimmental-Saanen;37;39;221;314;651;847;1325;2529;2672;3136
Tiere - Schweine;473;......0791 Boltigen;0;2;8;53;31;62;86;208;327;287
Tiere - Schweine;474;......0792 Lenk;0;8;38;70;86;108;89;292;264;373
Tiere - Schweine;475;......0793 St. Stephan;0;0;19;13;32;26;28;201;132;168
Tiere - Schweine;476;......0794 Zweisimmen;0;2;5;12;72;98;138;266;319;530
Tiere - Schweine;477;......0841 Gsteig;0;0;2;20;8;74;39;98;88;177
Tiere - Schweine;478;......0842 Lauenen;6;7;9;13;22;61;59;125;155;152
Tiere - Schweine;479;......0843 Saanen;31;20;140;133;400;418;886;1339;1387;1449
Tiere - Schweine;480;>> Verwaltungskreis Frutigen-Niedersimmental;736;943;1087;1149;1576;1466;4346;3569;4249;4295
Tiere - Schweine;481;......0561 Adelboden;0;32;36;46;50;32;2125;258;350;313
Tiere - Schweine;482;......0562 Aeschi bei Spiez;84;162;124;9;137;45;78;197;440;407
Tiere - Schweine;483;......0563 Frutigen;10;8;28;57;81;79;100;348;375;525
Tiere - Schweine;484;......0564 Kandergrund;0;0;2;38;35;64;75;124;233;226
Tiere - Schweine;485;......0565 Kandersteg;55;41;43;41;45;20;21;35;34;79
Tiere - Schweine;486;......0566 Krattigen;0;0;0;0;0;3;15;24;27;52
Tiere - Schweine;487;......0567 Reichenbach im Kandertal;0;13;4;41;58;74;131;266;318;311
Tiere - Schweine;488;......0761 Därstetten;8;0;22;110;122;76;92;182;193;209
Tiere - Schweine;489;......0762 Diemtigen;316;389;388;294;490;386;547;679;695;774
Tiere - Schweine;490;......0763 Erlenbach im Simmental;162;121;206;196;251;243;453;466;638;300
Tiere - Schweine;491;......0766 Oberwil im Simmental;17;10;56;49;41;101;196;313;255;265
Tiere - Schweine;492;......0768 Spiez;0;15;0;70;119;135;260;403;441;510
Tiere - Schweine;493;......0769 Wimmis;84;152;178;198;147;208;253;274;250;324
Tiere - Geflügel;366;......0307 Meikirch;203;186;196;213;299;320;613;581;6201;796
Tiere - Geflügel;367;......0351 Bern;6172;232;11484;8167;9553;5718;8289;8708;5397;6969
Tiere - Geflügel;368;......0352 Bolligen;5770;4324;264;4086;6647;5751;6307;6632;4227;0
Tiere - Geflügel;369;......0353 Bremgarten bei Bern;15;16;21;28;41;80;144;187;212;277
Tiere - Geflügel;370;......0354 Kirchlindach;18207;4358;4454;4718;5215;5318;951;1270;6544;6344
Tiere - Geflügel;371;......0355 Köniz;48629;50859;55927;53666;22295;32119;24825;29064;35124;35861
Tiere - Geflügel;372;......0356 Muri bei Bern;160;180;170;186;163;249;226;270;533;649
Tiere - Geflügel;373;......0357 Oberbalm;7824;7738;1424;1982;2229;3164;4047;4325;1928;4817
Tiere - Geflügel;374;......0358 Stettlen;62;107;104;144;197;251;320;958;494;559
Tiere - Geflügel;375;......0359 Vechigen;3910;1043;1790;7072;11801;18172;13994;9180;8246;20034
Tiere - Geflügel;376;......0360 Wohlen bei Bern;41001;31413;26415;31574;22157;12288;7982;9365;36484;38148
Tiere - Geflügel;377;......0361 Zollikofen;14951;16515;9060;16636;16200;14623;7096;7611;7099;12696
Tiere - Geflügel;378;......0362 Ittigen;17;18;17;15;0;63;359;315;0;0
Tiere - Geflügel;379;......0363 Ostermundigen;182;160;160;172;247;82;23;198;0;5871
Tiere - Geflügel;380;......0403 Bäriswil;21;34;14;33;43;24;89;93;87;218
Tiere - Geflügel;381;......0535 Deisswil bei Münchenbuchsee;18376;17598;165;10790;460;636;158;208;176;168
Tiere - Geflügel;382;......0538 Fraubrunnen;47588;55250;35159;22456;5655;6706;7024;1691;2104;2492
Tiere - Geflügel;383;......0540 Jegenstorf;2415;367;494;347;431;657;10413;15614;15719;15252
Tiere - Geflügel;384;......0541 Iffwil;4120;4332;80;107;4076;5184;5232;370;387;337
Tiere - Geflügel;385;......0543 Mattstetten;520;175;139;192;202;189;314;293;8247;7057
Tiere - Geflügel;386;......0544 Moosseedorf;55;78;80;143;128;243;263;481;350;540
Tiere - Geflügel;387;......0546 Münchenbuchsee;9389;9251;9179;2431;2493;2570;453;504;793;1743
Tiere - Geflügel;388;......0551 Urtenen-Schönbühl;1006;40;40;5735;5322;244;6497;11549;10581;10761
Tiere - Geflügel;389;......0553 Wiggiswil;5;0;16;28;36;45;55;64;59;114
Tiere - Geflügel;390;......0557 Zuzwil (BE);15;48;27;74;78;120;150;208;197;283
Tiere - Geflügel;391;......0602 Arni (BE);2417;2442;2750;2696;2711;3198;1597;3216;3538;4306
Tiere - Geflügel;392;......0603 Biglen;152;125;155;416;758;794;324;1105;609;826
Tiere - Geflügel;393;......0605 Bowil;307;231;268;455;723;1266;1622;2871;2578;4060
Tiere - Geflügel;394;......0606 Brenzikofen;14;23;124;126;151;259;9130;405;8050;8635
Tiere - Geflügel;395;......0607 Freimettigen;18503;7155;7211;6983;4705;6599;5954;5967;4567;4460
Tiere - Geflügel;396;......0608 Grosshöchstetten;196;390;439;523;671;587;687;801;878;740
Tiere - Geflügel;397;......0609 Häutligen;47;41;65;68;145;222;525;609;375;548
Tiere - Geflügel;398;......0610 Herbligen;4987;5232;9798;2672;5398;5456;3460;13813;2051;4691
Tiere - Geflügel;399;......0611 Kiesen;122;69;40;42;116;4084;98;4635;169;1467
Tiere - Geflügel;400;......0612 Konolfingen;13866;13623;11880;14786;17899;12981;16220;16166;20935;19524
Tiere - Geflügel;401;......0613 Landiswil;8593;11386;9388;9449;5409;5603;1618;1781;1747;1762
Tiere - Geflügel;402;......0614 Linden;279;641;715;787;1118;1363;863;1788;993;1228
Tiere - Geflügel;403;......0615 Mirchel;5928;81;125;170;5193;5231;5873;5493;5528;5521
Tiere - Geflügel;404;......0616 Münsingen;911;8515;5858;6019;590;5748;733;6737;10835;17163
Tiere - Geflügel;405;......0617 Niederhünigen;5058;5550;4421;4183;6212;4646;4822;4916;4602;4473
Tiere - Geflügel;406;......0619 Oberdiessbach;8431;8650;8786;9498;9727;5381;9734;1749;1834;7320
Tiere - Geflügel;407;......0620 Oberthal;18296;7091;17405;2406;11295;15557;16531;17141;16990;10521
Tiere - Geflügel;408;......0622 Oppligen;89;57;20;4223;9025;4643;8980;4658;4598;194
Tiere - Geflügel;409;......0623 Rubigen;119;63;87;171;137;243;3387;3922;3821;1352
Tiere - Geflügel;410;......0626 Walkringen;476;346;346;414;579;868;1316;1561;1644;1800
Tiere - Geflügel;411;......0627 Worb;13522;10644;11000;7958;8290;6067;2357;14881;14842;9165
Tiere - Geflügel;412;......0628 Zäziwil;8338;11665;16266;235;8545;11466;11799;635;12413;772
Tiere - Geflügel;413;......0629 Oberhünigen;4129;4611;8931;3546;4338;9493;5284;900;802;1354
Tiere - Geflügel;414;......0630 Allmendingen;2033;1865;1287;2264;2443;2479;0;0;0;0
Tiere - Geflügel;415;......0632 Wichtrach;21170;6980;6544;6687;12001;8372;7056;11696;12078;10970
Tiere - Geflügel;416;......0662 Ferenbalm;155;175;245;260;257;504;6619;4886;6249;6201
Tiere - Geflügel;417;......0663 Frauenkappelen;210;140;145;163;180;5287;364;434;462;629
Tiere - Geflügel;418;......0665 Gurbrü;4251;22;23;48;4703;4791;150;5675;5730;10290
Tiere - Geflügel;419;......0666 Kriechenwil;107;111;111;154;244;242;295;467;562;661
Tiere - Geflügel;420;......0667 Laupen;0;0;0;0;4541;1020;1269;1344;614;204
Tiere - Geflügel;421;......0668 Mühleberg;56814;75381;31169;38658;18604;15652;10822;11789;12504;15265
Tiere - Geflügel;422;......0669 Münchenwiler;34;26;29;53;38;58;87;124;181;155
Tiere - Geflügel;423;......0670 Neuenegg;62130;40813;30684;40613;27759;17155;26352;27041;4378;14588
Tiere - Geflügel;424;......0671 Wileroltigen;44170;27000;9100;9159;9878;10190;11156;274;273;311
Tiere - Geflügel;425;......0852 Guggisberg;682;426;475;589;1763;2251;2959;4397;3884;4082
Tiere - Geflügel;426;......0853 Rüschegg;7590;4520;4806;795;5326;6240;6930;11256;5574;5208
Tiere - Geflügel;427;......0855 Schwarzenburg;34748;35754;24194;27477;12319;28042;10553;8206;8865;9960
Tiere - Geflügel;428;......0861 Belp;24617;23963;30351;30163;37695;34898;46082;70762;87406;73404
Tiere - Geflügel;429;......0866 Gerzensee;6442;15584;15544;12318;15547;16289;10832;14139;21253;10844
Tiere - Geflügel;430;......0868 Jaberg;9007;11116;8320;7695;9129;178;5119;223;218;387
Tiere - Geflügel;431;......0869 Kaufdorf;5629;484;4889;4668;5152;5156;220;316;222;303
Tiere - Geflügel;432;......0870 Kehrsatz;185;183;170;167;5424;5664;6059;6283;6238;5872
Tiere - Geflügel;433;......0872 Kirchdorf (BE);14508;6546;11653;14167;14915;14592;28597;10523;29861;16379
Tiere - Geflügel;434;......0877 Niedermuhlern;13307;15491;7753;10783;10050;10660;12101;682;651;779
Tiere - Geflügel;435;......0879 Riggisberg;8741;5006;6831;6685;7511;8311;3114;6841;7191;7787
Tiere - Geflügel;436;......0880 Rüeggisberg;11086;465;652;1256;1555;2037;3790;4642;5593;6454
Tiere - Geflügel;437;......0884 Toffen;5;88;157;155;173;1354;1477;1684;1801;1832
Tiere - Geflügel;438;......0888 Wald (BE);2911;693;607;821;2205;2136;1249;1348;1300;1862
Tiere - Geflügel;439;......0889 Thurnen;226;12181;253;14697;12279;435;2858;6246;7053;6088
Tiere - Geflügel;440;>> Verwaltungskreis Thun;109365;93135;90940;97000;81931;83128;78465;77403;70392;55290
Tiere - Geflügel;441;......0767 Reutigen;91;87;124;200;214;209;205;236;175;265
Tiere - Geflügel;442;......0770 Stocken-Höfen;189;203;280;359;431;549;481;499;658;555
Tiere - Geflügel;443;......0863 Burgistein;20273;20343;9191;9488;9324;9544;5687;6078;5240;5815
Tiere - Geflügel;444;......0867 Gurzelen;6816;10417;5988;5637;5241;5281;9998;9721;14387;8914
Tiere - Geflügel;445;......0883 Seftigen;4295;37;4217;5644;4787;5330;4285;4349;5460;407
Tiere - Geflügel;446;......0885 Uttigen;8130;25;30;45;83;183;257;381;360;346
Tiere - Geflügel;447;......0886 Wattenwil;207;172;226;306;366;972;920;727;729;782
Tiere - Geflügel;448;......0921 Amsoldingen;62;72;87;90;106;236;345;325;302;402
Tiere - Geflügel;449;......0922 Blumenstein;5964;5991;6166;6122;143;184;191;426;416;423
Tiere - Geflügel;450;......0923 Buchholterberg;4198;4198;4284;4448;647;810;1489;1693;2004;1810
Tiere - Geflügel;451;......0924 Eriz;304;286;349;351;422;471;571;1017;794;663
Tiere - Geflügel;452;......0925 Fahrni;1173;3148;4352;3534;1758;1978;2132;2292;2562;2896
Tiere - Geflügel;453;......0927 Heiligenschwendi;195;128;128;105;138;259;378;844;530;574
Tiere - Geflügel;454;......0928 Heimberg;187;226;281;414;445;336;255;301;320;383
Tiere - Geflügel;455;......0929 Hilterfingen;0;0;0;0;0;0;10;15;21;35
Tiere - Geflügel;456;......0931 Homberg;118;146;130;204;231;366;380;1123;1207;1326
Tiere - Geflügel;457;......0932 Horrenbach-Buchen;111;61;128;225;223;398;364;433;393;527
Tiere - Geflügel;458;......0934 Oberhofen am Thunersee;13;19;103;103;12;31;102;127;215;111
Tiere - Geflügel;459;......0935 Oberlangenegg;302;349;358;677;759;464;243;549;494;664
Tiere - Geflügel;460;......0936 Pohlern;6590;8279;2023;5056;10070;106;40;113;93;93
Tiere - Geflügel;461;......0938 Sigriswil;450;413;438;471;757;950;733;1144;1097;948
Tiere - Geflügel;462;......0939 Steffisburg;730;833;967;4984;4725;5149;12305;10258;7037;5574
Tiere - Geflügel;463;......0940 Teuffenthal (BE);52;57;129;177;164;155;172;190;204;200
Tiere - Geflügel;464;......0941 Thierachern;172;217;257;5358;5284;5320;516;683;763;677
Tiere - Geflügel;465;......0942 Thun;340;310;365;444;349;340;483;1024;621;729
Tiere - Geflügel;466;......0943 Uebeschi;4203;4103;117;7831;5358;506;305;502;512;604
Tiere - Geflügel;467;......0944 Uetendorf;28742;16155;29891;20938;15103;21874;18319;18158;11472;6910
Tiere - Geflügel;468;......0945 Unterlangenegg;9008;11896;9008;8441;5286;10885;11420;13040;11065;11469
Tiere - Geflügel;469;......0946 Wachseldorn;6002;4842;5122;5132;4167;4769;5377;479;496;395
Tiere - Geflügel;470;......0947 Zwieselberg;50;30;43;13;43;94;141;186;263;243
Tiere - Geflügel;471;......0948 Forst-Längenbühl;398;92;6158;203;5295;5379;361;490;502;550
Tiere - Geflügel;472;>> Verwaltungskreis Obersimmental-Saanen;5476;3395;2851;3187;4451;4254;3290;2355;2572;3492
Tiere - Geflügel;473;......0791 Boltigen;39;38;37;222;183;245;351;435;553;462
Tiere - Geflügel;474;......0792 Lenk;1502;214;233;262;1894;1632;719;261;204;168
Tiere - Geflügel;475;......0793 St. Stephan;1069;580;621;634;636;721;624;108;145;190
Tiere - Geflügel;476;......0794 Zweisimmen;152;85;99;195;237;317;334;349;416;413
Tiere - Geflügel;477;......0841 Gsteig;96;92;60;80;93;123;71;98;72;128
Tiere - Geflügel;478;......0842 Lauenen;152;136;132;124;86;141;153;132;95;111
Tiere - Geflügel;479;......0843 Saanen;2466;2250;1669;1670;1322;1075;1038;972;1087;2020
Tiere - Geflügel;480;>> Verwaltungskreis Frutigen-Niedersimmental;13095;13227;5191;6631;5818;8521;18417;25968;28759;30622
Tiere - Geflügel;481;......0561 Adelboden;662;629;596;740;796;435;575;966;849;843
Tiere - Geflügel;482;......0562 Aeschi bei Spiez;2168;2134;181;410;484;424;294;420;517;567
Tiere - Geflügel;483;......0563 Frutigen;2570;215;300;398;1929;846;737;1196;1102;859
Tiere - Geflügel;484;......0564 Kandergrund;80;22;45;56;96;132;124;231;255;173
Tiere - Geflügel;485;......0565 Kandersteg;23;30;10;20;27;77;32;80;42;31
Tiere - Geflügel;486;......0566 Krattigen;6;0;5;25;24;36;32;67;65;91
Tiere - Geflügel;487;......0567 Reichenbach im Kandertal;4237;6731;2965;3557;538;512;468;601;504;702
Tiere - Geflügel;488;......0761 Därstetten;46;0;91;105;131;166;168;255;285;304
Tiere - Geflügel;489;......0762 Diemtigen;496;455;424;527;638;743;1026;1146;1146;1594
Tiere - Geflügel;490;......0763 Erlenbach im Simmental;133;114;212;219;263;4226;5284;10133;10459;9382
Tiere - Geflügel;491;......0766 Oberwil im Simmental;2457;2702;67;126;198;240;8817;9715;11003;12137
Tiere - Geflügel;492;......0768 Spiez;185;182;215;304;450;403;432;809;2180;3558
Tiere - Geflügel;493;......0769 Wimmis;32;13;80;144;244;281;428;349;352;381
Tiere - Übrige Tiere;366;......0307 Meikirch;46;52;42;61;35;0;100;151;171;28
Tiere - Übrige Tiere;367;......0351 Bern;54;140;22;108;103;25;267;316;620;114
Tiere - Übrige Tiere;368;......0352 Bolligen;47;98;66;84;53;0;354;404;683;0
Tiere - Übrige Tiere;369;......0353 Bremgarten bei Bern;0;0;0;0;40;0;37;76;69;0
Tiere - Übrige Tiere;370;......0354 Kirchlindach;89;21;12;77;31;10;184;215;414;110
Tiere - Übrige Tiere;371;......0355 Köniz;201;467;511;381;261;0;846;1126;1286;496
Tiere - Übrige Tiere;372;......0356 Muri bei Bern;217;218;0;0;1;0;66;76;39;24
Tiere - Übrige Tiere;373;......0357 Oberbalm;235;158;78;201;170;5;390;607;553;178
Tiere - Übrige Tiere;374;......0358 Stettlen;4;1;0;4;8;0;150;112;112;2
Tiere - Übrige Tiere;375;......0359 Vechigen;152;72;164;210;216;0;589;766;784;208
Tiere - Übrige Tiere;376;......0360 Wohlen bei Bern;157;20229;163;198;159;0;533;957;975;235
Tiere - Übrige Tiere;377;......0361 Zollikofen;0;0;722;30;6;0;240;68;114;37
Tiere - Übrige Tiere;378;......0362 Ittigen;2;0;0;0;0;0;49;21;0;0
Tiere - Übrige Tiere;379;......0363 Ostermundigen;4;3;837;26;20;0;20;92;0;326
Tiere - Übrige Tiere;380;......0403 Bäriswil;6;12;4;34;56;2;90;75;91;75
Tiere - Übrige Tiere;381;......0535 Deisswil bei Münchenbuchsee;19;0;575;14;10;0;41;90;69;22
Tiere - Übrige Tiere;382;......0538 Fraubrunnen;442;796;1806;1055;258;0;432;799;828;212
Tiere - Übrige Tiere;383;......0540 Jegenstorf;13;18;2;70;50;0;216;389;463;75
Tiere - Übrige Tiere;384;......0541 Iffwil;5;3;6;15;20;0;53;74;120;12
Tiere - Übrige Tiere;385;......0543 Mattstetten;3;0;0;35;3;0;46;60;65;2
Tiere - Übrige Tiere;386;......0544 Moosseedorf;6;25;10;36;23;0;45;118;73;14
Tiere - Übrige Tiere;387;......0546 Münchenbuchsee;100;98;112;80;87;55;108;156;118;31
Tiere - Übrige Tiere;388;......0551 Urtenen-Schönbühl;5;0;3;4;21;0;19;60;80;20
Tiere - Übrige Tiere;389;......0553 Wiggiswil;0;0;0;29;30;0;37;51;125;137
Tiere - Übrige Tiere;390;......0557 Zuzwil (BE);0;0;0;9;11;0;44;38;65;12
Tiere - Übrige Tiere;391;......0602 Arni (BE);38;90;90;99;82;10;428;434;519;123
Tiere - Übrige Tiere;392;......0603 Biglen;35;28;97;39;19;0;155;187;189;52
Tiere - Übrige Tiere;393;......0605 Bowil;54;71;83;118;140;2;513;571;697;233
Tiere - Übrige Tiere;394;......0606 Brenzikofen;16;11;0;18;44;0;56;87;104;45
Tiere - Übrige Tiere;395;......0607 Freimettigen;1;2;9;73;20;0;118;192;213;47
Tiere - Übrige Tiere;396;......0608 Grosshöchstetten;32;37;15;84;49;0;131;228;299;45
Tiere - Übrige Tiere;397;......0609 Häutligen;14;23;12;50;34;0;219;133;104;54
Tiere - Übrige Tiere;398;......0610 Herbligen;32;50;72;114;40;0;132;155;103;71
Tiere - Übrige Tiere;399;......0611 Kiesen;21;33;0;20;45;0;75;68;75;18
Tiere - Übrige Tiere;400;......0612 Konolfingen;61;58;55;140;145;24;413;696;783;158
Tiere - Übrige Tiere;401;......0613 Landiswil;36;205;194;196;155;80;446;588;548;156
Tiere - Übrige Tiere;402;......0614 Linden;153;61;29;124;56;0;295;536;561;85
Tiere - Übrige Tiere;403;......0615 Mirchel;35;29;11;61;72;0;60;115;232;69
Tiere - Übrige Tiere;404;......0616 Münsingen;16;126;117;48;109;0;250;415;507;170
Tiere - Übrige Tiere;405;......0617 Niederhünigen;10;20;16;71;47;0;89;109;178;80
Tiere - Übrige Tiere;406;......0619 Oberdiessbach;72;84;102;144;117;3;502;798;607;156
Tiere - Übrige Tiere;407;......0620 Oberthal;57;56;0;86;87;1;487;601;569;187
Tiere - Übrige Tiere;408;......0622 Oppligen;0;2;0;11;9;0;70;67;109;28
Tiere - Übrige Tiere;409;......0623 Rubigen;11;152;32;8;25;7;964;503;441;148
Tiere - Übrige Tiere;410;......0626 Walkringen;155;158;62;134;147;0;468;507;684;144
Tiere - Übrige Tiere;411;......0627 Worb;37;99;50;120;208;2;264;770;766;200
Tiere - Übrige Tiere;412;......0628 Zäziwil;6;6;8;52;38;0;142;117;194;74
Tiere - Übrige Tiere;413;......0629 Oberhünigen;19;20;50;48;25;0;126;168;203;101
Tiere - Übrige Tiere;414;......0630 Allmendingen;16;2;3;14;19;0;0;0;0;0
Tiere - Übrige Tiere;415;......0632 Wichtrach;18;47;43;68;81;10;155;250;530;97
Tiere - Übrige Tiere;416;......0662 Ferenbalm;23;20;19;78;43;0;272;306;303;70
Tiere - Übrige Tiere;417;......0663 Frauenkappelen;19;50;119;78;63;13;63;33;91;12
Tiere - Übrige Tiere;418;......0665 Gurbrü;6;8;5;11;17;0;106;209;217;121
Tiere - Übrige Tiere;419;......0666 Kriechenwil;431;3;18;11;17;0;67;141;129;34
Tiere - Übrige Tiere;420;......0667 Laupen;0;188;0;0;13;0;7;55;120;24
Tiere - Übrige Tiere;421;......0668 Mühleberg;32;15;53;45;74;0;308;503;562;156
Tiere - Übrige Tiere;422;......0669 Münchenwiler;0;10;0;40;25;0;41;101;202;113
Tiere - Übrige Tiere;423;......0670 Neuenegg;838;36;41;143;112;5;463;625;805;101
Tiere - Übrige Tiere;424;......0671 Wileroltigen;0;0;0;13;71;2;70;158;178;0
Tiere - Übrige Tiere;425;......0852 Guggisberg;116;142;319;188;139;9;474;689;859;305
Tiere - Übrige Tiere;426;......0853 Rüschegg;49;68;57;300;47;0;301;501;273;66
Tiere - Übrige Tiere;427;......0855 Schwarzenburg;145;176;134;388;268;3;779;1195;1236;239
Tiere - Übrige Tiere;428;......0861 Belp;132;111;51;140;72;0;410;785;726;162
Tiere - Übrige Tiere;429;......0866 Gerzensee;16;14;27;19;19;0;119;200;214;55
Tiere - Übrige Tiere;430;......0868 Jaberg;3;0;8;11;2;0;14;10;25;0
Tiere - Übrige Tiere;431;......0869 Kaufdorf;31;23;0;24;22;0;38;55;84;11
Tiere - Übrige Tiere;432;......0870 Kehrsatz;15;6;37;29;29;1;86;102;112;54
Tiere - Übrige Tiere;433;......0872 Kirchdorf (BE);183;190;123;150;190;46;430;644;651;169
Tiere - Übrige Tiere;434;......0877 Niedermuhlern;18;21;2;102;50;1;143;188;306;87
Tiere - Übrige Tiere;435;......0879 Riggisberg;91;176;138;246;143;89;425;620;635;230
Tiere - Übrige Tiere;436;......0880 Rüeggisberg;255;155;115;265;122;0;705;1055;838;314
Tiere - Übrige Tiere;437;......0884 Toffen;26;31;62;9;53;0;176;209;179;44
Tiere - Übrige Tiere;438;......0888 Wald (BE);25;21;9;79;41;0;252;166;287;28
Tiere - Übrige Tiere;439;......0889 Thurnen;213;1669;1112;78;35;0;120;137;178;13
Tiere - Übrige Tiere;440;>> Verwaltungskreis Thun;1489;1983;1157;1709;1280;69;4283;6654;7244;1967
Tiere - Übrige Tiere;441;......0767 Reutigen;8;10;4;35;15;0;34;32;35;11
Tiere - Übrige Tiere;442;......0770 Stocken-Höfen;13;3;1;19;15;0;139;118;177;49
Tiere - Übrige Tiere;443;......0863 Burgistein;32;10;101;83;46;0;199;256;426;69
Tiere - Übrige Tiere;444;......0867 Gurzelen;3;6;22;41;34;0;205;278;243;47
Tiere - Übrige Tiere;445;......0883 Seftigen;20;0;2;5;18;0;97;151;203;39
Tiere - Übrige Tiere;446;......0885 Uttigen;30;40;23;0;7;0;74;166;197;97
Tiere - Übrige Tiere;447;......0886 Wattenwil;17;0;5;58;24;3;200;241;294;101
Tiere - Übrige Tiere;448;......0921 Amsoldingen;0;14;23;34;18;0;122;41;71;9
Tiere - Übrige Tiere;449;......0922 Blumenstein;5;9;17;18;35;0;53;203;111;37
Tiere - Übrige Tiere;450;......0923 Buchholterberg;264;153;87;240;159;4;429;444;654;147
Tiere - Übrige Tiere;451;......0924 Eriz;23;58;45;152;52;0;104;258;245;48
Tiere - Übrige Tiere;452;......0925 Fahrni;16;12;27;41;61;0;150;271;277;47
Tiere - Übrige Tiere;453;......0927 Heiligenschwendi;12;31;40;41;29;0;178;269;250;31
Tiere - Übrige Tiere;454;......0928 Heimberg;14;0;12;61;18;0;50;132;80;33
Tiere - Übrige Tiere;455;......0929 Hilterfingen;0;0;0;0;0;0;1;0;9;16
Tiere - Übrige Tiere;456;......0931 Homberg;31;62;39;36;75;0;101;253;238;68
Tiere - Übrige Tiere;457;......0932 Horrenbach-Buchen;16;39;24;73;49;6;169;159;215;70
Tiere - Übrige Tiere;458;......0934 Oberhofen am Thunersee;0;8;20;32;14;24;60;138;93;14
Tiere - Übrige Tiere;459;......0935 Oberlangenegg;14;24;20;9;14;0;43;204;325;100
Tiere - Übrige Tiere;460;......0936 Pohlern;2;453;318;6;3;0;23;55;62;23
Tiere - Übrige Tiere;461;......0938 Sigriswil;131;142;82;98;100;0;301;636;628;186
Tiere - Übrige Tiere;462;......0939 Steffisburg;118;153;62;133;73;0;396;422;426;181
Tiere - Übrige Tiere;463;......0940 Teuffenthal (BE);14;29;32;67;34;0;90;86;99;15
Tiere - Übrige Tiere;464;......0941 Thierachern;0;9;6;39;33;0;58;120;293;157
Tiere - Übrige Tiere;465;......0942 Thun;8;11;25;38;51;0;240;443;285;57
Tiere - Übrige Tiere;466;......0943 Uebeschi;27;61;11;31;50;0;51;132;198;48
Tiere - Übrige Tiere;467;......0944 Uetendorf;565;587;7;18;15;4;155;454;259;35
Tiere - Übrige Tiere;468;......0945 Unterlangenegg;36;49;31;165;147;2;324;272;326;35
Tiere - Übrige Tiere;469;......0946 Wachseldorn;23;2;14;21;12;0;138;216;209;98
Tiere - Übrige Tiere;470;......0947 Zwieselberg;0;0;0;7;2;0;39;41;108;16
Tiere - Übrige Tiere;471;......0948 Forst-Längenbühl;47;8;57;108;77;26;60;163;208;83
Tiere - Übrige Tiere;472;>> Verwaltungskreis Obersimmental-Saanen;355;239;227;493;381;13;1146;1393;1623;588
Tiere - Übrige Tiere;473;......0791 Boltigen;30;41;15;118;88;0;205;263;355;102
Tiere - Übrige Tiere;474;......0792 Lenk;58;2;27;89;38;0;87;96;162;15
Tiere - Übrige Tiere;475;......0793 St. Stephan;21;20;9;39;17;0;126;113;114;54
Tiere - Übrige Tiere;476;......0794 Zweisimmen;55;34;98;47;28;0;153;168;223;73
Tiere - Übrige Tiere;477;......0841 Gsteig;22;40;2;81;60;0;79;165;87;66
Tiere - Übrige Tiere;478;......0842 Lauenen;55;42;55;37;25;0;57;11;91;64
Tiere - Übrige Tiere;479;......0843 Saanen;114;60;21;82;125;13;439;577;591;214
Tiere - Übrige Tiere;480;>> Verwaltungskreis Frutigen-Niedersimmental;825;1068;1391;1306;766;137;1453;2457;2353;1012
Tiere - Übrige Tiere;481;......0561 Adelboden;133;98;38;81;76;16;84;238;212;43
Tiere - Übrige Tiere;482;......0562 Aeschi bei Spiez;353;504;828;463;127;25;23;179;223;51
Tiere - Übrige Tiere;483;......0563 Frutigen;126;144;27;217;101;18;255;320;306;86
Tiere - Übrige Tiere;484;......0564 Kandergrund;6;5;23;29;2;0;15;78;84;4
Tiere - Übrige Tiere;485;......0565 Kandersteg;10;7;2;26;27;0;73;96;120;0
Tiere - Übrige Tiere;486;......0566 Krattigen;74;72;0;0;2;0;21;60;133;35
Tiere - Übrige Tiere;487;......0567 Reichenbach im Kandertal;47;104;63;84;113;10;185;341;257;231
Tiere - Übrige Tiere;488;......0761 Därstetten;6;11;100;24;29;0;48;82;123;95
Tiere - Übrige Tiere;489;......0762 Diemtigen;56;61;91;159;75;0;291;454;314;173
Tiere - Übrige Tiere;490;......0763 Erlenbach im Simmental;1;0;17;67;27;0;49;88;125;52
Tiere - Übrige Tiere;491;......0766 Oberwil im Simmental;2;2;0;9;24;0;127;175;98;108
Tiere - Übrige Tiere;492;......0768 Spiez;4;58;116;41;76;0;213;255;208;96
Tiere - Übrige Tiere;493;......0769 Wimmis;7;2;86;106;87;68;69;91;150;38
