Typ;Nr.;Gemeinde;2022;2020;2015;2010;2005;2000;1990;1980
LN - Dauerkulturen (in ha);365;>> Verwaltungskreis Bern-Mittelland;212;238;226;186;154;170;172;160
LN - Dauerkulturen (in ha);366;......0307 Meikirch;4;4;2;1;1;2;2;1
LN - Dauerkulturen (in ha);367;......0351 Bern;1;4;2;5;8;16;6;14
LN - Dauerkulturen (in ha);368;......0352 Bolligen;11;10;12;11;11;10;6;12
LN - Dauerkulturen (in ha);369;......0353 Bremgarten bei Bern;0;0;0;0;0;0;1;0
LN - Dauerkulturen (in ha);370;......0354 Kirchlindach;2;2;2;2;0;0;1;0
LN - Dauerkulturen (in ha);371;......0355 Köniz;4;4;10;6;6;6;4;8
LN - Dauerkulturen (in ha);372;......0356 Muri bei Bern;2;2;4;0;0;1;1;3
LN - Dauerkulturen (in ha);373;......0357 Oberbalm;0;0;0;0;0;0;2;3
LN - Dauerkulturen (in ha);374;......0358 Stettlen;0;0;0;0;0;0;0;0
LN - Dauerkulturen (in ha);375;......0359 Vechigen;6;5;5;5;4;5;5;6
LN - Dauerkulturen (in ha);376;......0360 Wohlen bei Bern;13;13;13;15;15;16;9;7
LN - Dauerkulturen (in ha);377;......0361 Zollikofen;0;0;0;0;1;1;2;2
LN - Dauerkulturen (in ha);378;......0362 Ittigen;0;0;0;0;0;0;3;0
LN - Dauerkulturen (in ha);379;......0363 Ostermundigen;0;0;1;1;1;4;7;0
LN - Dauerkulturen (in ha);380;......0403 Bäriswil;0;0;0;0;0;0;1;0
LN - Dauerkulturen (in ha);381;......0535 Deisswil bei Münchenbuchsee;0;0;0;0;0;0;0;0
LN - Dauerkulturen (in ha);382;......0538 Fraubrunnen;6;6;12;6;4;5;6;5
LN - Dauerkulturen (in ha);383;......0540 Jegenstorf;0;1;1;0;0;0;1;2
LN - Dauerkulturen (in ha);384;......0541 Iffwil;3;3;3;3;0;0;0;0
LN - Dauerkulturen (in ha);385;......0543 Mattstetten;2;2;0;0;0;0;0;0
LN - Dauerkulturen (in ha);386;......0544 Moosseedorf;0;0;0;0;0;0;0;0
LN - Dauerkulturen (in ha);387;......0546 Münchenbuchsee;6;4;4;2;1;1;2;1
LN - Dauerkulturen (in ha);388;......0551 Urtenen-Schönbühl;0;0;0;0;0;0;0;0
LN - Dauerkulturen (in ha);389;......0553 Wiggiswil;0;0;0;0;1;2;0;0
LN - Dauerkulturen (in ha);390;......0557 Zuzwil (BE);0;0;0;0;0;0;0;2
LN - Dauerkulturen (in ha);391;......0602 Arni (BE);0;0;1;1;2;2;0;0
LN - Dauerkulturen (in ha);392;......0603 Biglen;1;0;1;1;1;0;0;1
LN - Dauerkulturen (in ha);393;......0605 Bowil;0;0;0;0;0;0;0;0
LN - Dauerkulturen (in ha);394;......0606 Brenzikofen;1;1;1;2;1;2;2;2
LN - Dauerkulturen (in ha);395;......0607 Freimettigen;1;1;0;2;1;1;0;0
LN - Dauerkulturen (in ha);396;......0608 Grosshöchstetten;1;1;12;11;12;10;8;6
LN - Dauerkulturen (in ha);397;......0609 Häutligen;0;0;0;0;0;0;0;0
LN - Dauerkulturen (in ha);398;......0610 Herbligen;1;1;1;0;0;1;0;0
LN - Dauerkulturen (in ha);399;......0611 Kiesen;1;1;0;0;0;0;1;2
LN - Dauerkulturen (in ha);400;......0612 Konolfingen;1;1;1;1;1;1;1;2
LN - Dauerkulturen (in ha);401;......0613 Landiswil;0;0;0;0;3;1;1;1
LN - Dauerkulturen (in ha);402;......0614 Linden;1;0;0;0;0;0;0;0
LN - Dauerkulturen (in ha);403;......0615 Mirchel;0;0;0;0;0;0;0;0
LN - Dauerkulturen (in ha);404;......0616 Münsingen;29;49;47;37;26;14;24;11
LN - Dauerkulturen (in ha);405;......0617 Niederhünigen;0;0;0;0;0;1;1;1
LN - Dauerkulturen (in ha);406;......0619 Oberdiessbach;0;0;0;0;0;1;2;1
LN - Dauerkulturen (in ha);407;......0620 Oberthal;0;0;0;0;1;1;1;1
LN - Dauerkulturen (in ha);408;......0622 Oppligen;1;1;1;1;1;2;6;2
LN - Dauerkulturen (in ha);409;......0623 Rubigen;0;0;0;0;1;1;5;11
LN - Dauerkulturen (in ha);410;......0626 Walkringen;0;0;0;0;0;0;1;0
LN - Dauerkulturen (in ha);411;......0627 Worb;4;5;4;3;2;6;5;5
LN - Dauerkulturen (in ha);412;......0628 Zäziwil;8;10;3;3;3;3;0;0
LN - Dauerkulturen (in ha);413;......0629 Oberhünigen;0;0;0;0;0;0;0;0
LN - Dauerkulturen (in ha);414;......0630 Allmendingen;4;4;4;2;1;1;0;0
LN - Dauerkulturen (in ha);415;......0632 Wichtrach;3;4;6;6;6;10;4;2
LN - Dauerkulturen (in ha);416;......0662 Ferenbalm;0;0;0;0;0;0;0;3
LN - Dauerkulturen (in ha);417;......0663 Frauenkappelen;5;8;6;5;3;5;5;3
LN - Dauerkulturen (in ha);418;......0665 Gurbrü;8;7;3;0;0;0;0;0
LN - Dauerkulturen (in ha);419;......0666 Kriechenwil;0;1;1;0;0;0;0;0
LN - Dauerkulturen (in ha);420;......0667 Laupen;0;0;0;0;0;0;0;0
LN - Dauerkulturen (in ha);421;......0668 Mühleberg;8;9;9;8;1;2;1;8
LN - Dauerkulturen (in ha);422;......0669 Münchenwiler;0;0;0;0;1;1;1;2
LN - Dauerkulturen (in ha);423;......0670 Neuenegg;3;15;12;14;8;9;9;7
LN - Dauerkulturen (in ha);424;......0671 Wileroltigen;0;0;0;0;0;0;0;0
LN - Dauerkulturen (in ha);425;......0852 Guggisberg;2;2;0;0;0;0;0;0
LN - Dauerkulturen (in ha);426;......0853 Rüschegg;0;0;0;0;0;0;1;0
LN - Dauerkulturen (in ha);427;......0855 Schwarzenburg;2;0;0;1;1;2;2;1
LN - Dauerkulturen (in ha);428;......0861 Belp;19;17;14;8;6;5;6;3
LN - Dauerkulturen (in ha);429;......0866 Gerzensee;1;1;0;0;0;0;0;1
LN - Dauerkulturen (in ha);430;......0868 Jaberg;0;0;0;0;0;0;0;0
LN - Dauerkulturen (in ha);431;......0869 Kaufdorf;0;0;0;0;0;0;0;0
LN - Dauerkulturen (in ha);432;......0870 Kehrsatz;0;0;0;0;1;1;1;0
LN - Dauerkulturen (in ha);433;......0872 Kirchdorf (BE);39;31;18;17;15;16;18;14
LN - Dauerkulturen (in ha);434;......0877 Niedermuhlern;0;0;0;0;0;0;0;0
LN - Dauerkulturen (in ha);435;......0879 Riggisberg;2;0;1;0;0;1;1;1
LN - Dauerkulturen (in ha);436;......0880 Rüeggisberg;1;1;1;0;0;0;0;0
LN - Dauerkulturen (in ha);437;......0884 Toffen;0;0;0;1;1;1;1;0
LN - Dauerkulturen (in ha);438;......0888 Wald (BE);3;4;3;2;1;1;1;2
LN - Dauerkulturen (in ha);439;......0889 Thurnen;1;1;1;1;0;0;0;0
LN - Dauerkulturen (in ha);440;>> Verwaltungskreis Thun;19;24;30;26;28;32;33;37
LN - Dauerkulturen (in ha);441;......0767 Reutigen;0;0;0;0;0;0;0;0
LN - Dauerkulturen (in ha);442;......0770 Stocken-Höfen;0;0;1;0;0;0;0;0
LN - Dauerkulturen (in ha);443;......0863 Burgistein;0;1;1;1;1;2;0;0
LN - Dauerkulturen (in ha);444;......0867 Gurzelen;1;1;1;1;1;1;0;0
LN - Dauerkulturen (in ha);445;......0883 Seftigen;0;0;2;1;0;0;0;0
LN - Dauerkulturen (in ha);446;......0885 Uttigen;2;2;3;1;1;4;4;3
LN - Dauerkulturen (in ha);447;......0886 Wattenwil;0;0;0;0;0;0;0;1
LN - Dauerkulturen (in ha);448;......0921 Amsoldingen;0;0;0;0;0;0;1;0
LN - Dauerkulturen (in ha);449;......0922 Blumenstein;0;0;0;0;0;0;0;0
LN - Dauerkulturen (in ha);450;......0923 Buchholterberg;0;0;0;0;0;0;1;0
LN - Dauerkulturen (in ha);451;......0924 Eriz;0;0;0;0;0;0;0;0
LN - Dauerkulturen (in ha);452;......0925 Fahrni;1;0;0;0;0;0;0;0
LN - Dauerkulturen (in ha);453;......0927 Heiligenschwendi;0;1;0;0;0;0;0;0
LN - Dauerkulturen (in ha);454;......0928 Heimberg;0;0;0;0;0;1;2;2
LN - Dauerkulturen (in ha);455;......0929 Hilterfingen;1;2;2;1;1;0;0;5
LN - Dauerkulturen (in ha);456;......0931 Homberg;0;0;0;0;0;0;2;0
LN - Dauerkulturen (in ha);457;......0932 Horrenbach-Buchen;0;0;0;0;0;0;0;0
LN - Dauerkulturen (in ha);458;......0934 Oberhofen am Thunersee;3;3;4;2;2;2;3;2
LN - Dauerkulturen (in ha);459;......0935 Oberlangenegg;0;0;0;0;0;0;0;0
LN - Dauerkulturen (in ha);460;......0936 Pohlern;0;0;0;0;0;0;0;0
LN - Dauerkulturen (in ha);461;......0938 Sigriswil;2;2;2;1;1;0;0;2
LN - Dauerkulturen (in ha);462;......0939 Steffisburg;4;6;9;9;9;11;10;13
LN - Dauerkulturen (in ha);463;......0940 Teuffenthal (BE);0;0;0;0;0;0;0;0
LN - Dauerkulturen (in ha);464;......0941 Thierachern;0;0;0;0;0;2;1;0
LN - Dauerkulturen (in ha);465;......0942 Thun;1;1;1;1;5;2;2;6
LN - Dauerkulturen (in ha);466;......0943 Uebeschi;0;0;0;0;0;0;0;0
LN - Dauerkulturen (in ha);467;......0944 Uetendorf;2;3;3;3;3;3;3;1
LN - Dauerkulturen (in ha);468;......0945 Unterlangenegg;0;0;0;0;1;0;0;0
LN - Dauerkulturen (in ha);469;......0946 Wachseldorn;0;0;0;0;0;0;0;0
LN - Dauerkulturen (in ha);470;......0947 Zwieselberg;0;0;0;0;0;1;1;1
LN - Dauerkulturen (in ha);471;......0948 Forst-Längenbühl;1;1;1;1;1;1;1;0
LN - Grünfläche (in ha);365;>> Verwaltungskreis Bern-Mittelland;31678;32232;32548;32072;30759;30835;30399;31936
LN - Grünfläche (in ha);366;......0307 Meikirch;305;307;284;288;278;297;292;327
LN - Grünfläche (in ha);367;......0351 Bern;434;465;504;491;439;495;436;541
LN - Grünfläche (in ha);368;......0352 Bolligen;434;456;446;437;416;461;456;636
LN - Grünfläche (in ha);369;......0353 Bremgarten bei Bern;33;35;31;38;35;30;34;40
LN - Grünfläche (in ha);370;......0354 Kirchlindach;464;471;464;427;349;350;322;382
LN - Grünfläche (in ha);371;......0355 Köniz;1584;1700;1704;1681;1552;1506;1481;1609
LN - Grünfläche (in ha);372;......0356 Muri bei Bern;57;56;76;75;83;102;100;123
LN - Grünfläche (in ha);373;......0357 Oberbalm;792;799;810;790;745;730;694;709
LN - Grünfläche (in ha);374;......0358 Stettlen;117;118;123;110;104;105;113;125
LN - Grünfläche (in ha);375;......0359 Vechigen;997;1039;1044;1059;1030;1050;1056;1054
LN - Grünfläche (in ha);376;......0360 Wohlen bei Bern;872;866;896;925;846;889;880;1010
LN - Grünfläche (in ha);377;......0361 Zollikofen;177;179;177;126;123;134;99;130
LN - Grünfläche (in ha);378;......0362 Ittigen;54;58;54;52;60;51;56;0
LN - Grünfläche (in ha);379;......0363 Ostermundigen;81;85;88;85;76;77;59;0
LN - Grünfläche (in ha);380;......0403 Bäriswil;40;41;43;42;39;53;55;59
LN - Grünfläche (in ha);381;......0535 Deisswil bei Münchenbuchsee;51;50;46;53;56;52;50;52
LN - Grünfläche (in ha);382;......0538 Fraubrunnen;628;637;678;660;632;658;676;715
LN - Grünfläche (in ha);383;......0540 Jegenstorf;272;276;282;290;269;302;284;311
LN - Grünfläche (in ha);384;......0541 Iffwil;102;110;101;103;92;82;89;106
LN - Grünfläche (in ha);385;......0543 Mattstetten;43;43;34;37;42;55;77;88
LN - Grünfläche (in ha);386;......0544 Moosseedorf;69;70;93;78;72;91;102;126
LN - Grünfläche (in ha);387;......0546 Münchenbuchsee;179;190;182;167;185;196;238;231
LN - Grünfläche (in ha);388;......0551 Urtenen-Schönbühl;93;92;82;94;96;107;145;160
LN - Grünfläche (in ha);389;......0553 Wiggiswil;41;44;54;52;47;38;38;49
LN - Grünfläche (in ha);390;......0557 Zuzwil (BE);68;67;72;83;80;83;77;88
LN - Grünfläche (in ha);391;......0602 Arni (BE);623;627;638;583;575;563;537;544
LN - Grünfläche (in ha);392;......0603 Biglen;161;157;161;155;160;171;155;178
LN - Grünfläche (in ha);393;......0605 Bowil;671;683;699;678;655;647;695;709
LN - Grünfläche (in ha);394;......0606 Brenzikofen;102;101;89;81;65;70;84;79
LN - Grünfläche (in ha);395;......0607 Freimettigen;106;111;121;116;126;137;135;147
LN - Grünfläche (in ha);396;......0608 Grosshöchstetten;286;308;330;323;298;299;290;314
LN - Grünfläche (in ha);397;......0609 Häutligen;137;138;133;137;131;116;119;143
LN - Grünfläche (in ha);398;......0610 Herbligen;108;108;127;114;122;118;106;117
LN - Grünfläche (in ha);399;......0611 Kiesen;74;75;94;86;92;97;90;103
LN - Grünfläche (in ha);400;......0612 Konolfingen;646;649;628;614;577;602;581;599
LN - Grünfläche (in ha);401;......0613 Landiswil;695;682;635;642;614;595;552;539
LN - Grünfläche (in ha);402;......0614 Linden;744;754;747;767;757;805;775;692
LN - Grünfläche (in ha);403;......0615 Mirchel;171;166;151;145;141;140;123;136
LN - Grünfläche (in ha);404;......0616 Münsingen;465;461;498;521;446;467;342;354
LN - Grünfläche (in ha);405;......0617 Niederhünigen;156;164;181;182;166;166;154;170
LN - Grünfläche (in ha);406;......0619 Oberdiessbach;600;615;661;618;646;625;619;626
LN - Grünfläche (in ha);407;......0620 Oberthal;667;671;688;662;643;648;598;597
LN - Grünfläche (in ha);408;......0622 Oppligen;90;96;93;96;84;89;84;93
LN - Grünfläche (in ha);409;......0623 Rubigen;222;215;206;203;183;171;423;419
LN - Grünfläche (in ha);410;......0626 Walkringen;823;821;833;822;767;742;748;721
LN - Grünfläche (in ha);411;......0627 Worb;777;807;800;826;763;751;708;799
LN - Grünfläche (in ha);412;......0628 Zäziwil;302;301;301;294;278;277;305;281
LN - Grünfläche (in ha);413;......0629 Oberhünigen;191;185;190;202;190;177;237;207
LN - Grünfläche (in ha);414;......0630 Allmendingen;167;171;150;157;139;134;0;0
LN - Grünfläche (in ha);415;......0632 Wichtrach;268;277;340;351;322;315;297;331
LN - Grünfläche (in ha);416;......0662 Ferenbalm;279;269;276;282;266;253;256;294
LN - Grünfläche (in ha);417;......0663 Frauenkappelen;164;167;198;212;191;185;184;203
LN - Grünfläche (in ha);418;......0665 Gurbrü;91;79;84;87;76;86;65;72
LN - Grünfläche (in ha);419;......0666 Kriechenwil;164;171;164;156;131;132;150;159
LN - Grünfläche (in ha);420;......0667 Laupen;56;55;49;53;41;59;49;65
LN - Grünfläche (in ha);421;......0668 Mühleberg;710;726;698;664;625;656;612;719
LN - Grünfläche (in ha);422;......0669 Münchenwiler;152;157;142;150;145;113;87;111
LN - Grünfläche (in ha);423;......0670 Neuenegg;652;654;654;626;572;596;559;596
LN - Grünfläche (in ha);424;......0671 Wileroltigen;69;68;79;87;84;89;116;105
LN - Grünfläche (in ha);425;......0852 Guggisberg;2030;2087;2076;1982;2030;1997;1959;2096
LN - Grünfläche (in ha);426;......0853 Rüschegg;800;782;767;778;781;676;750;745
LN - Grünfläche (in ha);427;......0855 Schwarzenburg;2353;2376;2400;2369;2258;2193;2223;2318
LN - Grünfläche (in ha);428;......0861 Belp;724;763;781;786;746;731;754;798
LN - Grünfläche (in ha);429;......0866 Gerzensee;390;411;404;400;365;340;306;331
LN - Grünfläche (in ha);430;......0868 Jaberg;65;68;31;34;33;41;39;42
LN - Grünfläche (in ha);431;......0869 Kaufdorf;114;109;119;124;142;143;141;136
LN - Grünfläche (in ha);432;......0870 Kehrsatz;198;199;190;186;178;187;172;175
LN - Grünfläche (in ha);433;......0872 Kirchdorf (BE);719;734;763;764;698;686;648;690
LN - Grünfläche (in ha);434;......0877 Niedermuhlern;452;444;417;439;431;428;412;430
LN - Grünfläche (in ha);435;......0879 Riggisberg;1188;1187;1258;1192;1257;1234;1221;1214
LN - Grünfläche (in ha);436;......0880 Rüeggisberg;1845;1861;1865;1841;1813;1852;1810;1784
LN - Grünfläche (in ha);437;......0884 Toffen;204;203;203;190;193;186;198;195
LN - Grünfläche (in ha);438;......0888 Wald (BE);680;721;705;700;658;660;677;719
LN - Grünfläche (in ha);439;......0889 Thurnen;341;345;363;358;361;394;346;368
LN - Grünfläche (in ha);440;>> Verwaltungskreis Thun;11206;11200;11199;11122;11040;11127;11010;11055
LN - Grünfläche (in ha);441;......0767 Reutigen;367;377;368;379;364;363;353;344
LN - Grünfläche (in ha);442;......0770 Stocken-Höfen;474;463;479;468;497;456;506;515
LN - Grünfläche (in ha);443;......0863 Burgistein;554;549;533;538;496;503;403;465
LN - Grünfläche (in ha);444;......0867 Gurzelen;347;346;351;327;323;311;313;300
LN - Grünfläche (in ha);445;......0883 Seftigen;165;159;163;167;169;167;165;191
LN - Grünfläche (in ha);446;......0885 Uttigen;118;119;127;112;131;123;130;129
LN - Grünfläche (in ha);447;......0886 Wattenwil;481;486;498;519;475;468;472;505
LN - Grünfläche (in ha);448;......0921 Amsoldingen;221;219;230;232;223;206;226;233
LN - Grünfläche (in ha);449;......0922 Blumenstein;369;369;398;354;312;324;358;382
LN - Grünfläche (in ha);450;......0923 Buchholterberg;924;887;885;890;890;863;876;839
LN - Grünfläche (in ha);451;......0924 Eriz;494;499;548;551;541;566;479;422
LN - Grünfläche (in ha);452;......0925 Fahrni;473;455;447;425;404;406;415;409
LN - Grünfläche (in ha);453;......0927 Heiligenschwendi;267;267;274;278;273;271;260;275
LN - Grünfläche (in ha);454;......0928 Heimberg;103;107;108;90;103;104;100;125
LN - Grünfläche (in ha);455;......0929 Hilterfingen;3;0;1;1;3;6;5;6
LN - Grünfläche (in ha);456;......0931 Homberg;392;389;376;383;380;394;368;381
LN - Grünfläche (in ha);457;......0932 Horrenbach-Buchen;396;398;378;361;360;392;362;336
LN - Grünfläche (in ha);458;......0934 Oberhofen am Thunersee;46;45;48;43;51;58;78;73
LN - Grünfläche (in ha);459;......0935 Oberlangenegg;422;417;411;449;456;450;437;427
LN - Grünfläche (in ha);460;......0936 Pohlern;146;153;148;150;176;182;188;159
LN - Grünfläche (in ha);461;......0938 Sigriswil;1141;1147;1116;1077;1071;1113;1269;1124
LN - Grünfläche (in ha);462;......0939 Steffisburg;427;446;468;460;469;496;504;545
LN - Grünfläche (in ha);463;......0940 Teuffenthal (BE);201;210;217;223;224;241;203;170
LN - Grünfläche (in ha);464;......0941 Thierachern;347;360;353;332;305;311;265;313
LN - Grünfläche (in ha);465;......0942 Thun;287;292;306;341;389;370;403;416
LN - Grünfläche (in ha);466;......0943 Uebeschi;352;355;355;359;337;332;313;355
LN - Grünfläche (in ha);467;......0944 Uetendorf;403;424;405;390;367;381;370;450
LN - Grünfläche (in ha);468;......0945 Unterlangenegg;454;463;470;532;541;561;517;516
LN - Grünfläche (in ha);469;......0946 Wachseldorn;355;324;278;264;261;272;260;244
LN - Grünfläche (in ha);470;......0947 Zwieselberg;123;124;123;133;132;143;140;144
LN - Grünfläche (in ha);471;......0948 Forst-Längenbühl;354;350;337;296;317;295;273;262
LN - Landwirtschaftliche Nutzfläche Total (in ha);365;>> Verwaltungskreis Bern-Mittelland;48472;48811;48835;48409;48479;49057;50311;50461
LN - Landwirtschaftliche Nutzfläche Total (in ha);366;......0307 Meikirch;587;588;574;567;597;608;657;643
LN - Landwirtschaftliche Nutzfläche Total (in ha);367;......0351 Bern;876;916;974;969;966;1072;1118;1160
LN - Landwirtschaftliche Nutzfläche Total (in ha);368;......0352 Bolligen;707;720;693;690;697;743;753;1046
LN - Landwirtschaftliche Nutzfläche Total (in ha);369;......0353 Bremgarten bei Bern;54;54;45;52;53;50;68;94
LN - Landwirtschaftliche Nutzfläche Total (in ha);370;......0354 Kirchlindach;901;899;890;823;765;825;794;796
LN - Landwirtschaftliche Nutzfläche Total (in ha);371;......0355 Köniz;2483;2599;2565;2588;2608;2558;2659;2730
LN - Landwirtschaftliche Nutzfläche Total (in ha);372;......0356 Muri bei Bern;93;92;136;137;157;199;228;260
LN - Landwirtschaftliche Nutzfläche Total (in ha);373;......0357 Oberbalm;954;959;974;969;951;937;940;936
LN - Landwirtschaftliche Nutzfläche Total (in ha);374;......0358 Stettlen;192;190;197;174;158;165;178;189
LN - Landwirtschaftliche Nutzfläche Total (in ha);375;......0359 Vechigen;1363;1394;1388;1432;1473;1504;1584;1567
LN - Landwirtschaftliche Nutzfläche Total (in ha);376;......0360 Wohlen bei Bern;1808;1792;1826;1894;1846;1911;1900;1914
LN - Landwirtschaftliche Nutzfläche Total (in ha);377;......0361 Zollikofen;293;293;325;267;272;289;263;292
LN - Landwirtschaftliche Nutzfläche Total (in ha);378;......0362 Ittigen;111;111;111;109;110;112;127;0
LN - Landwirtschaftliche Nutzfläche Total (in ha);379;......0363 Ostermundigen;184;196;185;182;197;198;125;0
LN - Landwirtschaftliche Nutzfläche Total (in ha);380;......0403 Bäriswil;105;106;108;105;111;123;128;143
LN - Landwirtschaftliche Nutzfläche Total (in ha);381;......0535 Deisswil bei Münchenbuchsee;129;128;116;116;141;137;145;142
LN - Landwirtschaftliche Nutzfläche Total (in ha);382;......0538 Fraubrunnen;1919;1944;1978;1921;1930;1870;1862;1867
LN - Landwirtschaftliche Nutzfläche Total (in ha);383;......0540 Jegenstorf;854;860;869;831;806;872;857;861
LN - Landwirtschaftliche Nutzfläche Total (in ha);384;......0541 Iffwil;308;309;296;285;267;258;256;264
LN - Landwirtschaftliche Nutzfläche Total (in ha);385;......0543 Mattstetten;165;166;131;131;150;168;198;207
LN - Landwirtschaftliche Nutzfläche Total (in ha);386;......0544 Moosseedorf;249;250;269;252;244;244;239;242
LN - Landwirtschaftliche Nutzfläche Total (in ha);387;......0546 Münchenbuchsee;504;507;507;486;507;522;613;575
LN - Landwirtschaftliche Nutzfläche Total (in ha);388;......0551 Urtenen-Schönbühl;293;294;295;303;328;306;354;340
LN - Landwirtschaftliche Nutzfläche Total (in ha);389;......0553 Wiggiswil;126;127;130;119;125;116;135;155
LN - Landwirtschaftliche Nutzfläche Total (in ha);390;......0557 Zuzwil (BE);240;232;231;209;235;234;243;232
LN - Landwirtschaftliche Nutzfläche Total (in ha);391;......0602 Arni (BE);707;709;717;652;674;691;704;710
LN - Landwirtschaftliche Nutzfläche Total (in ha);392;......0603 Biglen;246;240;250;254;256;270;265;273
LN - Landwirtschaftliche Nutzfläche Total (in ha);393;......0605 Bowil;767;777;773;759;738;737;840;827
LN - Landwirtschaftliche Nutzfläche Total (in ha);394;......0606 Brenzikofen;131;127;116;112;101;105;120;109
LN - Landwirtschaftliche Nutzfläche Total (in ha);395;......0607 Freimettigen;174;173;169;166;182;189;193;200
LN - Landwirtschaftliche Nutzfläche Total (in ha);396;......0608 Grosshöchstetten;418;451;486;483;464;479;489;493
LN - Landwirtschaftliche Nutzfläche Total (in ha);397;......0609 Häutligen;222;224;210;211;212;207;213;218
LN - Landwirtschaftliche Nutzfläche Total (in ha);398;......0610 Herbligen;173;172;186;179;193;191;194;178
LN - Landwirtschaftliche Nutzfläche Total (in ha);399;......0611 Kiesen;236;240;244;227;223;230;229;228
LN - Landwirtschaftliche Nutzfläche Total (in ha);400;......0612 Konolfingen;925;925;900;894;897;957;932;914
LN - Landwirtschaftliche Nutzfläche Total (in ha);401;......0613 Landiswil;765;751;693;711;695;683;676;670
LN - Landwirtschaftliche Nutzfläche Total (in ha);402;......0614 Linden;788;791;779;801;798;854;882;810
LN - Landwirtschaftliche Nutzfläche Total (in ha);403;......0615 Mirchel;228;224;208;203;200;204;191;192
LN - Landwirtschaftliche Nutzfläche Total (in ha);404;......0616 Münsingen;848;858;907;916;863;883;734;727
LN - Landwirtschaftliche Nutzfläche Total (in ha);405;......0617 Niederhünigen;203;206;227;233;233;233;237;240
LN - Landwirtschaftliche Nutzfläche Total (in ha);406;......0619 Oberdiessbach;806;818;851;803;836;838;813;817
LN - Landwirtschaftliche Nutzfläche Total (in ha);407;......0620 Oberthal;725;733;754;721;722;748;750;731
LN - Landwirtschaftliche Nutzfläche Total (in ha);408;......0622 Oppligen;199;200;190;189;189;204;190;191
LN - Landwirtschaftliche Nutzfläche Total (in ha);409;......0623 Rubigen;386;389;385;381;387;383;914;927
LN - Landwirtschaftliche Nutzfläche Total (in ha);410;......0626 Walkringen;922;919;930;939;894;886;949;921
LN - Landwirtschaftliche Nutzfläche Total (in ha);411;......0627 Worb;1319;1329;1322;1348;1326;1341;1347;1377
LN - Landwirtschaftliche Nutzfläche Total (in ha);412;......0628 Zäziwil;357;359;348;336;324;328;382;346
LN - Landwirtschaftliche Nutzfläche Total (in ha);413;......0629 Oberhünigen;220;209;210;226;221;211;285;256
LN - Landwirtschaftliche Nutzfläche Total (in ha);414;......0630 Allmendingen;337;333;280;281;275;276;0;0
LN - Landwirtschaftliche Nutzfläche Total (in ha);415;......0632 Wichtrach;628;635;690;687;676;695;725;711
LN - Landwirtschaftliche Nutzfläche Total (in ha);416;......0662 Ferenbalm;651;635;624;620;630;623;649;664
LN - Landwirtschaftliche Nutzfläche Total (in ha);417;......0663 Frauenkappelen;377;379;392;376;364;361;363;379
LN - Landwirtschaftliche Nutzfläche Total (in ha);418;......0665 Gurbrü;260;260;265;269;211;231;216;208
LN - Landwirtschaftliche Nutzfläche Total (in ha);419;......0666 Kriechenwil;306;309;294;292;292;278;287;305
LN - Landwirtschaftliche Nutzfläche Total (in ha);420;......0667 Laupen;148;150;148;145;150;159;125;153
LN - Landwirtschaftliche Nutzfläche Total (in ha);421;......0668 Mühleberg;1488;1480;1421;1405;1395;1394;1393;1432
LN - Landwirtschaftliche Nutzfläche Total (in ha);422;......0669 Münchenwiler;241;241;242;238;242;209;197;211
LN - Landwirtschaftliche Nutzfläche Total (in ha);423;......0670 Neuenegg;1245;1235;1253;1251;1237;1254;1224;1222
LN - Landwirtschaftliche Nutzfläche Total (in ha);424;......0671 Wileroltigen;271;273;271;271;285;278;296;284
LN - Landwirtschaftliche Nutzfläche Total (in ha);425;......0852 Guggisberg;2099;2152;2123;2032;2091;2074;2050;2204
LN - Landwirtschaftliche Nutzfläche Total (in ha);426;......0853 Rüschegg;842;824;797;812;824;732;828;825
LN - Landwirtschaftliche Nutzfläche Total (in ha);427;......0855 Schwarzenburg;2985;2993;3025;3038;3011;2967;3181;3129
LN - Landwirtschaftliche Nutzfläche Total (in ha);428;......0861 Belp;1260;1288;1278;1290;1311;1317;1373;1410
LN - Landwirtschaftliche Nutzfläche Total (in ha);449;......0922 Blumenstein;404;407;443;393;358;374;409;422
LN - Landwirtschaftliche Nutzfläche Total (in ha);430;......0868 Jaberg;97;98;51;55;55;70;65;74
LN - Landwirtschaftliche Nutzfläche Total (in ha);443;......0863 Burgistein;642;639;614;618;598;600;511;555
LN - Landwirtschaftliche Nutzfläche Total (in ha);432;......0870 Kehrsatz;351;349;348;356;360;377;339;332
LN - Landwirtschaftliche Nutzfläche Total (in ha);471;......0948 Forst-Längenbühl;447;452;421;372;385;363;388;351
LN - Landwirtschaftliche Nutzfläche Total (in ha);429;......0866 Gerzensee;540;540;545;532;523;508;502;502
LN - Landwirtschaftliche Nutzfläche Total (in ha);444;......0867 Gurzelen;414;417;422;392;401;404;429;400
LN - Landwirtschaftliche Nutzfläche Total (in ha);431;......0869 Kaufdorf;145;149;138;143;201;206;221;203
LN - Landwirtschaftliche Nutzfläche Total (in ha);433;......0872 Kirchdorf (BE);1084;1071;1102;1126;1036;1043;1053;1050
LN - Landwirtschaftliche Nutzfläche Total (in ha);434;......0877 Niedermuhlern;594;582;543;575;596;585;596;583
LN - Landwirtschaftliche Nutzfläche Total (in ha);460;......0936 Pohlern;161;171;161;163;197;203;200;171
LN - Landwirtschaftliche Nutzfläche Total (in ha);440;>> Verwaltungskreis Thun;12737;12746;12714;12607;12755;13047;13480;13317
LN - Landwirtschaftliche Nutzfläche Total (in ha);441;......0767 Reutigen;412;419;414;424;421;420;410;392
LN - Landwirtschaftliche Nutzfläche Total (in ha);435;......0879 Riggisberg;1369;1371;1456;1400;1496;1493;1553;1511
LN - Landwirtschaftliche Nutzfläche Total (in ha);436;......0880 Rüeggisberg;2069;2083;2105;2102;2107;2172;2177;2130
LN - Landwirtschaftliche Nutzfläche Total (in ha);445;......0883 Seftigen;216;205;200;206;213;224;236;264
LN - Landwirtschaftliche Nutzfläche Total (in ha);442;......0770 Stocken-Höfen;509;510;523;505;539;505;578;559
LN - Landwirtschaftliche Nutzfläche Total (in ha);446;......0885 Uttigen;185;185;184;161;186;186;233;217
LN - Landwirtschaftliche Nutzfläche Total (in ha);439;......0889 Thurnen;482;484;496;509;546;595;568;563
LN - Landwirtschaftliche Nutzfläche Total (in ha);448;......0921 Amsoldingen;271;268;271;270;270;256;287;273
LN - Landwirtschaftliche Nutzfläche Total (in ha);437;......0884 Toffen;282;288;268;264;268;279;303;306
LN - Landwirtschaftliche Nutzfläche Total (in ha);450;......0923 Buchholterberg;990;961;956;964;977;970;1015;975
LN - Landwirtschaftliche Nutzfläche Total (in ha);451;......0924 Eriz;498;507;562;552;543;569;481;449
LN - Landwirtschaftliche Nutzfläche Total (in ha);452;......0925 Fahrni;531;512;503;482;470;480;513;509
LN - Landwirtschaftliche Nutzfläche Total (in ha);453;......0927 Heiligenschwendi;270;270;277;280;277;277;272;291
LN - Landwirtschaftliche Nutzfläche Total (in ha);454;......0928 Heimberg;140;144;141;137;155;162;182;190
LN - Landwirtschaftliche Nutzfläche Total (in ha);455;......0929 Hilterfingen;5;4;5;3;6;7;7;12
LN - Landwirtschaftliche Nutzfläche Total (in ha);456;......0931 Homberg;406;405;394;401;402;423;430;438
LN - Landwirtschaftliche Nutzfläche Total (in ha);457;......0932 Horrenbach-Buchen;403;405;384;363;365;399;379;359
LN - Landwirtschaftliche Nutzfläche Total (in ha);458;......0934 Oberhofen am Thunersee;50;50;52;47;55;60;81;78
LN - Landwirtschaftliche Nutzfläche Total (in ha);459;......0935 Oberlangenegg;425;422;417;453;465;463;461;459
LN - Landwirtschaftliche Nutzfläche Total (in ha);466;......0943 Uebeschi;422;426;426;435;424;423;413;433
LN - Landwirtschaftliche Nutzfläche Total (in ha);461;......0938 Sigriswil;1149;1158;1129;1079;1074;1117;1284;1166
LN - Landwirtschaftliche Nutzfläche Total (in ha);462;......0939 Steffisburg;578;601;631;616;639;692;742;783
LN - Landwirtschaftliche Nutzfläche Total (in ha);463;......0940 Teuffenthal (BE);203;212;219;224;226;242;210;179
LN - Landwirtschaftliche Nutzfläche Total (in ha);464;......0941 Thierachern;473;472;478;458;440;482;443;472
LN - Landwirtschaftliche Nutzfläche Total (in ha);465;......0942 Thun;361;371;392;438;520;500;554;554
LN - Landwirtschaftliche Nutzfläche Total (in ha);467;......0944 Uetendorf;644;641;619;598;589;620;694;732
LN - Landwirtschaftliche Nutzfläche Total (in ha);438;......0888 Wald (BE);1054;1057;1011;988;975;1009;1075;1065
LN - Landwirtschaftliche Nutzfläche Total (in ha);468;......0945 Unterlangenegg;497;509;507;576;596;633;617;593
LN - Landwirtschaftliche Nutzfläche Total (in ha);469;......0946 Wachseldorn;366;334;286;271;272;285;284;273
LN - Landwirtschaftliche Nutzfläche Total (in ha);470;......0947 Zwieselberg;134;134;135;144;148;164;163;172
LN - Landwirtschaftliche Nutzfläche Total (in ha);447;......0886 Wattenwil;531;532;549;583;541;546;573;596
LN - Offene Ackerfläche (in ha);365;>> Verwaltungskreis Bern-Mittelland;16211;15953;15757;15928;17344;17853;19656;18293
LN - Offene Ackerfläche (in ha);366;......0307 Meikirch;276;276;286;276;316;307;363;315
LN - Offene Ackerfläche (in ha);367;......0351 Bern;432;440;459;467;512;550;674;602
LN - Offene Ackerfläche (in ha);368;......0352 Bolligen;259;249;231;238;267;269;290;395
LN - Offene Ackerfläche (in ha);369;......0353 Bremgarten bei Bern;21;19;13;14;17;20;33;53
LN - Offene Ackerfläche (in ha);370;......0354 Kirchlindach;429;419;417;391;413;471;471;414
LN - Offene Ackerfläche (in ha);371;......0355 Köniz;878;875;830;889;1037;1038;1169;1110
LN - Offene Ackerfläche (in ha);372;......0356 Muri bei Bern;33;33;53;58;71;94;126;133
LN - Offene Ackerfläche (in ha);373;......0357 Oberbalm;156;152;157;174;200;203;243;224
LN - Offene Ackerfläche (in ha);374;......0358 Stettlen;74;72;73;64;54;60;64;63
LN - Offene Ackerfläche (in ha);375;......0359 Vechigen;353;342;332;361;434;445;522;506
LN - Offene Ackerfläche (in ha);376;......0360 Wohlen bei Bern;913;904;909;948;980;1002;1008;896
LN - Offene Ackerfläche (in ha);377;......0361 Zollikofen;113;112;145;140;148;152;153;158
LN - Offene Ackerfläche (in ha);378;......0362 Ittigen;56;52;57;55;49;60;68;0
LN - Offene Ackerfläche (in ha);379;......0363 Ostermundigen;99;109;94;94;117;117;59;0
LN - Offene Ackerfläche (in ha);380;......0403 Bäriswil;65;64;63;63;72;70;72;83
LN - Offene Ackerfläche (in ha);381;......0535 Deisswil bei Münchenbuchsee;76;77;70;63;85;85;94;90
LN - Offene Ackerfläche (in ha);382;......0538 Fraubrunnen;1277;1286;1278;1247;1288;1202;1178;1146
LN - Offene Ackerfläche (in ha);383;......0540 Jegenstorf;578;578;584;538;534;568;571;548
LN - Offene Ackerfläche (in ha);384;......0541 Iffwil;201;195;191;179;174;176;167;158
LN - Offene Ackerfläche (in ha);385;......0543 Mattstetten;120;121;96;94;108;113;120;119
LN - Offene Ackerfläche (in ha);386;......0544 Moosseedorf;179;178;174;164;163;152;137;116
LN - Offene Ackerfläche (in ha);387;......0546 Münchenbuchsee;316;309;317;315;319;324;370;343
LN - Offene Ackerfläche (in ha);388;......0551 Urtenen-Schönbühl;199;201;212;209;231;198;209;179
LN - Offene Ackerfläche (in ha);389;......0553 Wiggiswil;84;82;75;66;77;76;97;104
LN - Offene Ackerfläche (in ha);390;......0557 Zuzwil (BE);172;165;159;126;155;151;166;142
LN - Offene Ackerfläche (in ha);391;......0602 Arni (BE);79;75;76;67;96;124;167;166
LN - Offene Ackerfläche (in ha);392;......0603 Biglen;84;82;86;97;94;98;110;94
LN - Offene Ackerfläche (in ha);393;......0605 Bowil;93;91;72;80;83;89;144;117
LN - Offene Ackerfläche (in ha);394;......0606 Brenzikofen;28;24;26;29;34;33;34;29
LN - Offene Ackerfläche (in ha);395;......0607 Freimettigen;67;60;46;48;53;49;58;53
LN - Offene Ackerfläche (in ha);396;......0608 Grosshöchstetten;130;140;141;148;153;169;191;173
LN - Offene Ackerfläche (in ha);397;......0609 Häutligen;84;86;77;73;81;90;94;75
LN - Offene Ackerfläche (in ha);398;......0610 Herbligen;63;62;58;64;70;72;82;61
LN - Offene Ackerfläche (in ha);399;......0611 Kiesen;160;164;149;141;131;132;138;123
LN - Offene Ackerfläche (in ha);400;......0612 Konolfingen;274;271;267;277;318;352;350;312
LN - Offene Ackerfläche (in ha);401;......0613 Landiswil;66;65;54;67;78;86;123;130
LN - Offene Ackerfläche (in ha);402;......0614 Linden;40;34;29;32;40;47;106;116
LN - Offene Ackerfläche (in ha);403;......0615 Mirchel;56;57;55;58;59;64;69;57
LN - Offene Ackerfläche (in ha);404;......0616 Münsingen;348;343;356;354;387;399;365;361
LN - Offene Ackerfläche (in ha);405;......0617 Niederhünigen;46;41;45;51;66;66;82;69
LN - Offene Ackerfläche (in ha);406;......0619 Oberdiessbach;190;186;182;180;187;210;192;189
LN - Offene Ackerfläche (in ha);407;......0620 Oberthal;51;56;60;56;76;96;151;132
LN - Offene Ackerfläche (in ha);408;......0622 Oppligen;107;101;95;91;103;111;100;96
LN - Offene Ackerfläche (in ha);409;......0623 Rubigen;142;152;161;158;186;195;474;483
LN - Offene Ackerfläche (in ha);410;......0626 Walkringen;90;92;92;114;126;143;200;200
LN - Offene Ackerfläche (in ha);411;......0627 Worb;532;508;512;516;558;580;633;572
LN - Offene Ackerfläche (in ha);412;......0628 Zäziwil;44;46;44;39;42;47;77;65
LN - Offene Ackerfläche (in ha);413;......0629 Oberhünigen;29;23;19;24;31;34;47;48
LN - Offene Ackerfläche (in ha);414;......0630 Allmendingen;158;152;120;119;130;136;0;0
LN - Offene Ackerfläche (in ha);415;......0632 Wichtrach;346;344;340;326;346;361;424;378
LN - Offene Ackerfläche (in ha);416;......0662 Ferenbalm;367;361;345;335;362;368;391;367
LN - Offene Ackerfläche (in ha);417;......0663 Frauenkappelen;204;201;186;158;170;169;173;168
LN - Offene Ackerfläche (in ha);418;......0665 Gurbrü;156;169;175;179;133;143;152;135
LN - Offene Ackerfläche (in ha);419;......0666 Kriechenwil;138;132;126;134;160;145;137;146
LN - Offene Ackerfläche (in ha);420;......0667 Laupen;91;94;98;92;109;99;76;88
LN - Offene Ackerfläche (in ha);421;......0668 Mühleberg;753;727;702;730;764;732;777;704
LN - Offene Ackerfläche (in ha);422;......0669 Münchenwiler;87;82;98;85;94;93;108;98
LN - Offene Ackerfläche (in ha);423;......0670 Neuenegg;576;558;581;604;642;642;654;618
LN - Offene Ackerfläche (in ha);424;......0671 Wileroltigen;200;204;191;184;201;189;180;178
LN - Offene Ackerfläche (in ha);425;......0852 Guggisberg;49;44;30;40;44;60;85;94
LN - Offene Ackerfläche (in ha);426;......0853 Rüschegg;34;35;29;33;42;55;76;77
LN - Offene Ackerfläche (in ha);427;......0855 Schwarzenburg;609;598;613;660;745;765;952;808
LN - Offene Ackerfläche (in ha);428;......0861 Belp;506;498;475;490;553;572;612;607
LN - Offene Ackerfläche (in ha);429;......0866 Gerzensee;147;126;139;131;157;168;195;170
LN - Offene Ackerfläche (in ha);430;......0868 Jaberg;32;30;20;21;22;29;26;32
LN - Offene Ackerfläche (in ha);431;......0869 Kaufdorf;29;30;18;18;58;63;80;67
LN - Offene Ackerfläche (in ha);432;......0870 Kehrsatz;151;148;156;167;180;187;166;156
LN - Offene Ackerfläche (in ha);433;......0872 Kirchdorf (BE);321;301;315;342;321;338;387;345
LN - Offene Ackerfläche (in ha);434;......0877 Niedermuhlern;138;134;122;132;160;153;183;153
LN - Offene Ackerfläche (in ha);435;......0879 Riggisberg;167;165;185;199;228;247;329;296
LN - Offene Ackerfläche (in ha);436;......0880 Rüeggisberg;216;207;229;254;287;317;366;344
LN - Offene Ackerfläche (in ha);437;......0884 Toffen;76;83;62;71;72;90;103;111
LN - Offene Ackerfläche (in ha);438;......0888 Wald (BE);364;322;296;280;309;341;394;344
LN - Offene Ackerfläche (in ha);439;......0889 Thurnen;139;137;130;149;183;199;222;195
LN - Offene Ackerfläche (in ha);440;>> Verwaltungskreis Thun;1422;1402;1386;1408;1630;1837;2398;2178
LN - Offene Ackerfläche (in ha);441;......0767 Reutigen;41;37;41;44;56;55;57;48
LN - Offene Ackerfläche (in ha);442;......0770 Stocken-Höfen;29;36;34;35;41;47;71;44
LN - Offene Ackerfläche (in ha);443;......0863 Burgistein;83;82;76;77;99;93;101;89
LN - Offene Ackerfläche (in ha);444;......0867 Gurzelen;63;67;68;64;76;91;115;99
LN - Offene Ackerfläche (in ha);445;......0883 Seftigen;48;43;34;36;43;56;72;72
LN - Offene Ackerfläche (in ha);446;......0885 Uttigen;64;62;52;47;54;58;98;85
LN - Offene Ackerfläche (in ha);447;......0886 Wattenwil;48;44;48;58;63;76;100;90
LN - Offene Ackerfläche (in ha);448;......0921 Amsoldingen;44;39;36;35;44;48;60;40
LN - Offene Ackerfläche (in ha);449;......0922 Blumenstein;33;36;44;38;46;49;51;41
LN - Offene Ackerfläche (in ha);450;......0923 Buchholterberg;60;68;68;72;86;103;139;136
LN - Offene Ackerfläche (in ha);451;......0924 Eriz;2;2;3;0;0;1;2;9
LN - Offene Ackerfläche (in ha);452;......0925 Fahrni;56;55;53;55;64;73;98;100
LN - Offene Ackerfläche (in ha);453;......0927 Heiligenschwendi;1;1;1;0;2;5;11;16
LN - Offene Ackerfläche (in ha);454;......0928 Heimberg;37;37;34;46;51;56;80;64
LN - Offene Ackerfläche (in ha);455;......0929 Hilterfingen;0;2;2;1;1;1;1;0
LN - Offene Ackerfläche (in ha);456;......0931 Homberg;14;14;16;17;21;28;54;56
LN - Offene Ackerfläche (in ha);457;......0932 Horrenbach-Buchen;6;2;2;2;5;7;15;20
LN - Offene Ackerfläche (in ha);458;......0934 Oberhofen am Thunersee;1;1;0;1;1;0;0;2
LN - Offene Ackerfläche (in ha);459;......0935 Oberlangenegg;2;4;4;4;8;12;22;31
LN - Offene Ackerfläche (in ha);460;......0936 Pohlern;14;16;13;13;20;20;12;12
LN - Offene Ackerfläche (in ha);461;......0938 Sigriswil;0;2;2;0;1;2;9;30
LN - Offene Ackerfläche (in ha);462;......0939 Steffisburg;146;147;152;145;159;184;227;222
LN - Offene Ackerfläche (in ha);463;......0940 Teuffenthal (BE);1;2;2;1;2;1;7;8
LN - Offene Ackerfläche (in ha);464;......0941 Thierachern;122;108;120;123;133;167;175;157
LN - Offene Ackerfläche (in ha);465;......0942 Thun;69;75;80;91;114;124;146;130
LN - Offene Ackerfläche (in ha);466;......0943 Uebeschi;62;62;63;71;82;85;98;78
LN - Offene Ackerfläche (in ha);467;......0944 Uetendorf;235;209;208;203;217;234;319;281
LN - Offene Ackerfläche (in ha);468;......0945 Unterlangenegg;33;34;34;38;48;61;98;77
LN - Offene Ackerfläche (in ha);469;......0946 Wachseldorn;10;9;7;7;10;13;24;28
LN - Offene Ackerfläche (in ha);470;......0947 Zwieselberg;9;9;10;10;15;19;23;27
LN - Offene Ackerfläche (in ha);471;......0948 Forst-Längenbühl;88;94;79;72;65;66;113;88
LN - Übrige LN (in ha);365;>> Verwaltungskreis Bern-Mittelland;370;389;304;224;221;199;83;72
LN - Übrige LN (in ha);366;......0307 Meikirch;2;2;2;2;1;2;1;0
LN - Übrige LN (in ha);367;......0351 Bern;9;7;9;7;7;11;3;3
LN - Übrige LN (in ha);368;......0352 Bolligen;4;5;4;4;3;2;0;2
LN - Übrige LN (in ha);369;......0353 Bremgarten bei Bern;0;0;0;0;1;0;1;2
LN - Übrige LN (in ha);370;......0354 Kirchlindach;6;6;6;4;3;3;1;0
LN - Übrige LN (in ha);371;......0355 Köniz;17;21;21;12;13;8;5;2
LN - Übrige LN (in ha);372;......0356 Muri bei Bern;0;1;3;4;3;3;2;1
LN - Übrige LN (in ha);373;......0357 Oberbalm;6;8;7;5;5;3;1;0
LN - Übrige LN (in ha);374;......0358 Stettlen;1;0;0;0;0;0;0;0
LN - Übrige LN (in ha);375;......0359 Vechigen;8;7;8;6;5;5;1;1
LN - Übrige LN (in ha);376;......0360 Wohlen bei Bern;10;9;9;6;5;4;4;1
LN - Übrige LN (in ha);377;......0361 Zollikofen;3;2;2;2;1;2;8;1
LN - Übrige LN (in ha);378;......0362 Ittigen;1;1;1;1;1;1;0;0
LN - Übrige LN (in ha);379;......0363 Ostermundigen;4;3;2;2;1;1;0;0
LN - Übrige LN (in ha);380;......0403 Bäriswil;0;0;2;0;0;0;1;0
LN - Übrige LN (in ha);381;......0535 Deisswil bei Münchenbuchsee;3;2;1;1;0;0;0;0
LN - Übrige LN (in ha);382;......0538 Fraubrunnen;9;15;10;8;6;5;1;1
LN - Übrige LN (in ha);383;......0540 Jegenstorf;3;5;3;2;2;2;1;0
LN - Übrige LN (in ha);384;......0541 Iffwil;2;2;2;1;1;1;0;0
LN - Übrige LN (in ha);385;......0543 Mattstetten;0;0;0;0;0;0;0;0
LN - Übrige LN (in ha);386;......0544 Moosseedorf;1;1;2;9;10;1;0;0
LN - Übrige LN (in ha);387;......0546 Münchenbuchsee;3;4;3;2;2;1;1;0
LN - Übrige LN (in ha);388;......0551 Urtenen-Schönbühl;1;1;1;0;0;0;1;0
LN - Übrige LN (in ha);389;......0553 Wiggiswil;1;1;1;0;1;1;0;1
LN - Übrige LN (in ha);390;......0557 Zuzwil (BE);1;0;0;0;0;0;0;0
LN - Übrige LN (in ha);391;......0602 Arni (BE);4;7;3;1;1;2;0;1
LN - Übrige LN (in ha);392;......0603 Biglen;0;0;1;1;0;1;0;0
LN - Übrige LN (in ha);393;......0605 Bowil;3;3;2;1;1;0;0;1
LN - Übrige LN (in ha);394;......0606 Brenzikofen;0;0;0;0;0;0;0;0
LN - Übrige LN (in ha);395;......0607 Freimettigen;1;1;2;0;1;2;0;0
LN - Übrige LN (in ha);396;......0608 Grosshöchstetten;2;2;2;1;1;1;0;0
LN - Übrige LN (in ha);397;......0609 Häutligen;1;0;0;0;0;0;0;0
LN - Übrige LN (in ha);398;......0610 Herbligen;1;1;0;1;0;0;6;0
LN - Übrige LN (in ha);399;......0611 Kiesen;0;0;1;0;0;0;0;0
LN - Übrige LN (in ha);400;......0612 Konolfingen;4;3;4;2;2;2;1;0
LN - Übrige LN (in ha);401;......0613 Landiswil;4;3;3;1;1;1;0;0
LN - Übrige LN (in ha);402;......0614 Linden;3;3;3;2;1;2;1;1
LN - Übrige LN (in ha);403;......0615 Mirchel;0;0;1;0;0;0;0;0
LN - Übrige LN (in ha);404;......0616 Münsingen;6;5;6;4;4;3;3;1
LN - Übrige LN (in ha);405;......0617 Niederhünigen;1;1;1;1;1;1;0;0
LN - Übrige LN (in ha);406;......0619 Oberdiessbach;17;17;8;4;3;2;0;1
LN - Übrige LN (in ha);407;......0620 Oberthal;7;6;5;3;3;3;0;1
LN - Übrige LN (in ha);408;......0622 Oppligen;2;2;2;1;1;2;0;0
LN - Übrige LN (in ha);409;......0623 Rubigen;22;21;19;20;18;16;12;13
LN - Übrige LN (in ha);410;......0626 Walkringen;8;5;5;3;2;2;1;0
LN - Übrige LN (in ha);411;......0627 Worb;7;9;5;3;3;4;1;1
LN - Übrige LN (in ha);412;......0628 Zäziwil;3;2;1;1;1;1;0;0
LN - Übrige LN (in ha);413;......0629 Oberhünigen;0;1;0;0;0;0;0;0
LN - Übrige LN (in ha);414;......0630 Allmendingen;9;7;6;4;4;4;0;0
LN - Übrige LN (in ha);415;......0632 Wichtrach;11;10;3;3;3;9;0;0
LN - Übrige LN (in ha);416;......0662 Ferenbalm;5;4;3;3;2;2;1;0
LN - Übrige LN (in ha);417;......0663 Frauenkappelen;4;2;1;1;1;1;0;6
LN - Übrige LN (in ha);418;......0665 Gurbrü;6;5;3;3;2;1;0;0
LN - Übrige LN (in ha);419;......0666 Kriechenwil;3;5;2;1;1;1;0;0
LN - Übrige LN (in ha);420;......0667 Laupen;1;1;1;0;0;0;0;0
LN - Übrige LN (in ha);421;......0668 Mühleberg;16;19;12;3;4;4;3;1
LN - Übrige LN (in ha);422;......0669 Münchenwiler;2;3;1;2;2;2;0;0
LN - Übrige LN (in ha);423;......0670 Neuenegg;15;8;6;7;14;6;2;1
LN - Übrige LN (in ha);424;......0671 Wileroltigen;1;1;1;0;0;0;0;0
LN - Übrige LN (in ha);425;......0852 Guggisberg;19;19;16;10;17;16;6;15
LN - Übrige LN (in ha);426;......0853 Rüschegg;8;7;1;1;1;0;1;3
LN - Übrige LN (in ha);427;......0855 Schwarzenburg;21;19;12;9;8;7;4;2
LN - Übrige LN (in ha);428;......0861 Belp;11;11;9;7;6;9;1;1
LN - Übrige LN (in ha);429;......0866 Gerzensee;3;3;2;2;1;0;0;0
LN - Übrige LN (in ha);430;......0868 Jaberg;0;0;0;0;0;0;0;0
LN - Übrige LN (in ha);431;......0869 Kaufdorf;2;10;1;0;0;0;0;0
LN - Übrige LN (in ha);432;......0870 Kehrsatz;2;2;2;2;2;2;0;0
LN - Übrige LN (in ha);433;......0872 Kirchdorf (BE);6;5;5;3;3;3;0;1
LN - Übrige LN (in ha);434;......0877 Niedermuhlern;4;4;4;4;5;3;0;0
LN - Übrige LN (in ha);435;......0879 Riggisberg;13;19;13;9;11;12;2;1
LN - Übrige LN (in ha);436;......0880 Rüeggisberg;7;14;11;8;7;3;1;2
LN - Übrige LN (in ha);437;......0884 Toffen;2;3;3;2;2;2;0;1
LN - Übrige LN (in ha);438;......0888 Wald (BE);7;9;8;6;6;7;3;0
LN - Übrige LN (in ha);439;......0889 Thurnen;2;2;2;1;1;2;0;0
LN - Übrige LN (in ha);440;>> Verwaltungskreis Thun;90;120;99;52;57;51;39;47
LN - Übrige LN (in ha);441;......0767 Reutigen;4;6;5;1;1;2;0;0
LN - Übrige LN (in ha);442;......0770 Stocken-Höfen;5;11;9;1;1;1;0;0
LN - Übrige LN (in ha);443;......0863 Burgistein;5;7;4;2;2;3;7;0
LN - Übrige LN (in ha);444;......0867 Gurzelen;3;3;3;1;1;1;0;0
LN - Übrige LN (in ha);445;......0883 Seftigen;2;2;1;1;1;1;0;0
LN - Übrige LN (in ha);446;......0885 Uttigen;1;1;1;1;1;1;0;0
LN - Übrige LN (in ha);447;......0886 Wattenwil;1;2;3;5;3;2;1;0
LN - Übrige LN (in ha);448;......0921 Amsoldingen;6;10;4;3;2;2;1;1
LN - Übrige LN (in ha);449;......0922 Blumenstein;1;2;2;1;0;0;0;0
LN - Übrige LN (in ha);450;......0923 Buchholterberg;6;6;3;2;2;3;0;0
LN - Übrige LN (in ha);451;......0924 Eriz;2;6;10;1;1;2;0;19
LN - Übrige LN (in ha);452;......0925 Fahrni;2;2;3;1;0;0;0;0
LN - Übrige LN (in ha);453;......0927 Heiligenschwendi;2;2;2;1;1;1;1;0
LN - Übrige LN (in ha);454;......0928 Heimberg;0;0;0;0;0;0;0;0
LN - Übrige LN (in ha);455;......0929 Hilterfingen;0;0;0;0;0;0;0;1
LN - Übrige LN (in ha);456;......0931 Homberg;1;2;2;1;1;0;6;1
LN - Übrige LN (in ha);457;......0932 Horrenbach-Buchen;1;4;5;0;0;0;3;3
LN - Übrige LN (in ha);458;......0934 Oberhofen am Thunersee;0;0;1;0;0;0;0;0
LN - Übrige LN (in ha);459;......0935 Oberlangenegg;1;2;2;0;1;1;1;1
LN - Übrige LN (in ha);460;......0936 Pohlern;2;1;1;1;1;1;0;0
LN - Übrige LN (in ha);461;......0938 Sigriswil;5;6;8;1;1;1;5;11
LN - Übrige LN (in ha);462;......0939 Steffisburg;1;1;2;2;1;1;1;3
LN - Übrige LN (in ha);463;......0940 Teuffenthal (BE);0;0;0;0;0;0;0;1
LN - Übrige LN (in ha);464;......0941 Thierachern;4;4;4;2;2;2;3;2
LN - Übrige LN (in ha);465;......0942 Thun;4;4;5;5;13;4;3;2
LN - Übrige LN (in ha);466;......0943 Uebeschi;8;9;7;5;5;5;2;0
LN - Übrige LN (in ha);467;......0944 Uetendorf;4;5;2;2;2;3;1;1
LN - Übrige LN (in ha);468;......0945 Unterlangenegg;10;11;3;7;7;11;2;0
LN - Übrige LN (in ha);469;......0946 Wachseldorn;1;1;0;1;1;0;0;0
LN - Übrige LN (in ha);470;......0947 Zwieselberg;1;1;2;1;1;1;1;0
LN - Übrige LN (in ha);471;......0948 Forst-Längenbühl;4;8;3;2;2;1;1;1
Tiere - Geflügel;365;>> Verwaltungskreis Bern-Mittelland;730543;676151;587966;468949;479316;441394;424848;505729
Tiere - Geflügel;366;......0307 Meikirch;260;203;186;196;213;299;613;6201
Tiere - Geflügel;367;......0351 Bern;572;6172;232;11484;8167;9553;8289;5397
Tiere - Geflügel;368;......0352 Bolligen;4756;5770;4324;264;4086;6647;6307;4227
Tiere - Geflügel;369;......0353 Bremgarten bei Bern;4;15;16;21;28;41;144;212
Tiere - Geflügel;370;......0354 Kirchlindach;20878;18207;4358;4454;4718;5215;951;6544
Tiere - Geflügel;371;......0355 Köniz;52736;48629;50859;55927;53666;22295;24825;35124
Tiere - Geflügel;372;......0356 Muri bei Bern;225;160;180;170;186;163;226;533
Tiere - Geflügel;373;......0357 Oberbalm;7684;7824;7738;1424;1982;2229;4047;1928
Tiere - Geflügel;374;......0358 Stettlen;69;62;107;104;144;197;320;494
Tiere - Geflügel;375;......0359 Vechigen;4396;3910;1043;1790;7072;11801;13994;8246
Tiere - Geflügel;376;......0360 Wohlen bei Bern;47767;41001;31413;26415;31574;22157;7982;36484
Tiere - Geflügel;377;......0361 Zollikofen;8017;14951;16515;9060;16636;16200;7096;7099
Tiere - Geflügel;378;......0362 Ittigen;9;17;18;17;15;0;359;0
Tiere - Geflügel;379;......0363 Ostermundigen;190;182;160;160;172;247;23;0
Tiere - Geflügel;380;......0403 Bäriswil;346;21;34;14;33;43;89;87
Tiere - Geflügel;381;......0535 Deisswil bei Münchenbuchsee;200;18376;17598;165;10790;460;158;176
Tiere - Geflügel;382;......0538 Fraubrunnen;54785;47588;55250;35159;22456;5655;7024;2104
Tiere - Geflügel;383;......0540 Jegenstorf;2467;2415;367;494;347;431;10413;15719
Tiere - Geflügel;384;......0541 Iffwil;49;4120;4332;80;107;4076;5232;387
Tiere - Geflügel;385;......0543 Mattstetten;545;520;175;139;192;202;314;8247
Tiere - Geflügel;386;......0544 Moosseedorf;49;55;78;80;143;128;263;350
Tiere - Geflügel;387;......0546 Münchenbuchsee;9538;9389;9251;9179;2431;2493;453;793
Tiere - Geflügel;388;......0551 Urtenen-Schönbühl;999;1006;40;40;5735;5322;6497;10581
Tiere - Geflügel;389;......0553 Wiggiswil;11;5;0;16;28;36;55;59
Tiere - Geflügel;390;......0557 Zuzwil (BE);12;15;48;27;74;78;150;197
Tiere - Geflügel;391;......0602 Arni (BE);2597;2417;2442;2750;2696;2711;1597;3538
Tiere - Geflügel;392;......0603 Biglen;180;152;125;155;416;758;324;609
Tiere - Geflügel;393;......0605 Bowil;346;307;231;268;455;723;1622;2578
Tiere - Geflügel;394;......0606 Brenzikofen;12;14;23;124;126;151;9130;8050
Tiere - Geflügel;395;......0607 Freimettigen;23451;18503;7155;7211;6983;4705;5954;4567
Tiere - Geflügel;396;......0608 Grosshöchstetten;201;196;390;439;523;671;687;878
Tiere - Geflügel;397;......0609 Häutligen;60;47;41;65;68;145;525;375
Tiere - Geflügel;398;......0610 Herbligen;15957;4987;5232;9798;2672;5398;3460;2051
Tiere - Geflügel;399;......0611 Kiesen;144;122;69;40;42;116;98;169
Tiere - Geflügel;400;......0612 Konolfingen;8611;13866;13623;11880;14786;17899;16220;20935
Tiere - Geflügel;401;......0613 Landiswil;9911;8593;11386;9388;9449;5409;1618;1747
Tiere - Geflügel;402;......0614 Linden;365;279;641;715;787;1118;863;993
Tiere - Geflügel;403;......0615 Mirchel;4600;5928;81;125;170;5193;5873;5528
Tiere - Geflügel;404;......0616 Münsingen;1356;911;8515;5858;6019;590;733;10835
Tiere - Geflügel;405;......0617 Niederhünigen;4999;5058;5550;4421;4183;6212;4822;4602
Tiere - Geflügel;406;......0619 Oberdiessbach;9306;8431;8650;8786;9498;9727;9734;1834
Tiere - Geflügel;407;......0620 Oberthal;15894;18296;7091;17405;2406;11295;16531;16990
Tiere - Geflügel;408;......0622 Oppligen;121;89;57;20;4223;9025;8980;4598
Tiere - Geflügel;409;......0623 Rubigen;184;119;63;87;171;137;3387;3821
Tiere - Geflügel;410;......0626 Walkringen;519;476;346;346;414;579;1316;1644
Tiere - Geflügel;411;......0627 Worb;12098;13522;10644;11000;7958;8290;2357;14842
Tiere - Geflügel;412;......0628 Zäziwil;8429;8338;11665;16266;235;8545;11799;12413
Tiere - Geflügel;413;......0629 Oberhünigen;4158;4129;4611;8931;3546;4338;5284;802
Tiere - Geflügel;414;......0630 Allmendingen;2041;2033;1865;1287;2264;2443;0;0
Tiere - Geflügel;415;......0632 Wichtrach;22805;21170;6980;6544;6687;12001;7056;12078
Tiere - Geflügel;416;......0662 Ferenbalm;20542;155;175;245;260;257;6619;6249
Tiere - Geflügel;417;......0663 Frauenkappelen;259;210;140;145;163;180;364;462
Tiere - Geflügel;418;......0665 Gurbrü;64;4251;22;23;48;4703;150;5730
Tiere - Geflügel;419;......0666 Kriechenwil;134;107;111;111;154;244;295;562
Tiere - Geflügel;420;......0667 Laupen;6000;0;0;0;0;4541;1269;614
Tiere - Geflügel;421;......0668 Mühleberg;47826;56814;75381;31169;38658;18604;10822;12504
Tiere - Geflügel;422;......0669 Münchenwiler;28;34;26;29;53;38;87;181
Tiere - Geflügel;423;......0670 Neuenegg;59551;62130;40813;30684;40613;27759;26352;4378
Tiere - Geflügel;424;......0671 Wileroltigen;41744;44170;27000;9100;9159;9878;11156;273
Tiere - Geflügel;425;......0852 Guggisberg;728;682;426;475;589;1763;2959;3884
Tiere - Geflügel;426;......0853 Rüschegg;6448;7590;4520;4806;795;5326;6930;5574
Tiere - Geflügel;427;......0855 Schwarzenburg;40092;34748;35754;24194;27477;12319;10553;8865
Tiere - Geflügel;428;......0861 Belp;44719;24617;23963;30351;30163;37695;46082;87406
Tiere - Geflügel;429;......0866 Gerzensee;6610;6442;15584;15544;12318;15547;10832;21253
Tiere - Geflügel;430;......0868 Jaberg;9007;9007;11116;8320;7695;9129;5119;218
Tiere - Geflügel;431;......0869 Kaufdorf;487;5629;484;4889;4668;5152;220;222
Tiere - Geflügel;432;......0870 Kehrsatz;240;185;183;170;167;5424;6059;6238
Tiere - Geflügel;433;......0872 Kirchdorf (BE);9425;14508;6546;11653;14167;14915;28597;29861
Tiere - Geflügel;434;......0877 Niedermuhlern;15277;13307;15491;7753;10783;10050;12101;651
Tiere - Geflügel;435;......0879 Riggisberg;8971;8741;5006;6831;6685;7511;3114;7191
Tiere - Geflügel;436;......0880 Rüeggisberg;14562;11086;465;652;1256;1555;3790;5593
Tiere - Geflügel;437;......0884 Toffen;35;5;88;157;155;173;1477;1801
Tiere - Geflügel;438;......0888 Wald (BE);20410;2911;693;607;821;2205;1249;1300
Tiere - Geflügel;439;......0889 Thurnen;12475;226;12181;253;14697;12279;2858;7053
Tiere - Geflügel;440;>> Verwaltungskreis Thun;100405;109365;93135;90940;97000;81931;78465;70392
Tiere - Geflügel;441;......0767 Reutigen;85;91;87;124;200;214;205;175
Tiere - Geflügel;442;......0770 Stocken-Höfen;182;189;203;280;359;431;481;658
Tiere - Geflügel;443;......0863 Burgistein;20029;20273;20343;9191;9488;9324;5687;5240
Tiere - Geflügel;444;......0867 Gurzelen;6883;6816;10417;5988;5637;5241;9998;14387
Tiere - Geflügel;445;......0883 Seftigen;5304;4295;37;4217;5644;4787;4285;5460
Tiere - Geflügel;446;......0885 Uttigen;11372;8130;25;30;45;83;257;360
Tiere - Geflügel;447;......0886 Wattenwil;262;207;172;226;306;366;920;729
Tiere - Geflügel;448;......0921 Amsoldingen;86;62;72;87;90;106;345;302
Tiere - Geflügel;449;......0922 Blumenstein;6273;5964;5991;6166;6122;143;191;416
Tiere - Geflügel;450;......0923 Buchholterberg;4212;4198;4198;4284;4448;647;1489;2004
Tiere - Geflügel;451;......0924 Eriz;289;304;286;349;351;422;571;794
Tiere - Geflügel;452;......0925 Fahrni;917;1173;3148;4352;3534;1758;2132;2562
Tiere - Geflügel;453;......0927 Heiligenschwendi;216;195;128;128;105;138;378;530
Tiere - Geflügel;454;......0928 Heimberg;203;187;226;281;414;445;255;320
Tiere - Geflügel;455;......0929 Hilterfingen;10;0;0;0;0;0;10;21
Tiere - Geflügel;456;......0931 Homberg;202;118;146;130;204;231;380;1207
Tiere - Geflügel;457;......0932 Horrenbach-Buchen;109;111;61;128;225;223;364;393
Tiere - Geflügel;458;......0934 Oberhofen am Thunersee;12;13;19;103;103;12;102;215
Tiere - Geflügel;459;......0935 Oberlangenegg;374;302;349;358;677;759;243;494
Tiere - Geflügel;460;......0936 Pohlern;6157;6590;8279;2023;5056;10070;40;93
Tiere - Geflügel;461;......0938 Sigriswil;536;450;413;438;471;757;733;1097
Tiere - Geflügel;462;......0939 Steffisburg;1018;730;833;967;4984;4725;12305;7037
Tiere - Geflügel;463;......0940 Teuffenthal (BE);44;52;57;129;177;164;172;204
Tiere - Geflügel;464;......0941 Thierachern;201;172;217;257;5358;5284;516;763
Tiere - Geflügel;465;......0942 Thun;320;340;310;365;444;349;483;621
Tiere - Geflügel;466;......0943 Uebeschi;4054;4203;4103;117;7831;5358;305;512
Tiere - Geflügel;467;......0944 Uetendorf;29820;28742;16155;29891;20938;15103;18319;11472
Tiere - Geflügel;468;......0945 Unterlangenegg;419;9008;11896;9008;8441;5286;11420;11065
Tiere - Geflügel;469;......0946 Wachseldorn;126;6002;4842;5122;5132;4167;5377;496
Tiere - Geflügel;470;......0947 Zwieselberg;27;50;30;43;13;43;141;263
Tiere - Geflügel;471;......0948 Forst-Längenbühl;663;398;92;6158;203;5295;361;502
Tiere - Pferdegattung;365;>> Verwaltungskreis Bern-Mittelland;4646;4636;4437;4515;3966;3795;3401;3359
Tiere - Pferdegattung;366;......0307 Meikirch;49;43;32;34;39;43;30;28
Tiere - Pferdegattung;367;......0351 Bern;112;116;119;97;65;75;253;67
Tiere - Pferdegattung;368;......0352 Bolligen;44;46;48;54;48;60;69;77
Tiere - Pferdegattung;369;......0353 Bremgarten bei Bern;2;2;2;0;2;4;5;0
Tiere - Pferdegattung;370;......0354 Kirchlindach;231;256;224;154;80;68;25;54
Tiere - Pferdegattung;371;......0355 Köniz;205;228;244;270;208;166;193;204
Tiere - Pferdegattung;372;......0356 Muri bei Bern;2;2;9;21;0;2;8;7
Tiere - Pferdegattung;373;......0357 Oberbalm;72;80;72;77;83;85;85;85
Tiere - Pferdegattung;374;......0358 Stettlen;12;7;17;18;22;17;11;22
Tiere - Pferdegattung;375;......0359 Vechigen;108;114;73;95;85;131;126;115
Tiere - Pferdegattung;376;......0360 Wohlen bei Bern;236;238;232;257;217;206;120;97
Tiere - Pferdegattung;377;......0361 Zollikofen;4;4;4;8;7;9;10;16
Tiere - Pferdegattung;378;......0362 Ittigen;104;103;72;54;42;45;12;0
Tiere - Pferdegattung;379;......0363 Ostermundigen;6;8;13;14;13;12;9;0
Tiere - Pferdegattung;380;......0403 Bäriswil;11;12;12;11;12;11;3;8
Tiere - Pferdegattung;381;......0535 Deisswil bei Münchenbuchsee;27;33;26;39;41;40;29;33
Tiere - Pferdegattung;382;......0538 Fraubrunnen;171;171;195;137;98;89;58;45
Tiere - Pferdegattung;383;......0540 Jegenstorf;37;36;41;28;32;27;25;44
Tiere - Pferdegattung;384;......0541 Iffwil;75;78;55;75;60;12;7;11
Tiere - Pferdegattung;385;......0543 Mattstetten;4;3;3;1;1;2;2;4
Tiere - Pferdegattung;386;......0544 Moosseedorf;51;43;64;44;25;13;3;8
Tiere - Pferdegattung;387;......0546 Münchenbuchsee;67;66;51;30;34;21;47;47
Tiere - Pferdegattung;388;......0551 Urtenen-Schönbühl;41;37;40;37;44;43;14;18
Tiere - Pferdegattung;389;......0553 Wiggiswil;4;6;4;3;11;5;11;23
Tiere - Pferdegattung;390;......0557 Zuzwil (BE);18;23;27;22;13;12;13;17
Tiere - Pferdegattung;391;......0602 Arni (BE);29;30;21;22;22;37;60;67
Tiere - Pferdegattung;392;......0603 Biglen;69;57;65;56;45;18;17;26
Tiere - Pferdegattung;393;......0605 Bowil;22;30;15;18;23;41;42;78
Tiere - Pferdegattung;394;......0606 Brenzikofen;9;8;2;0;0;0;1;5
Tiere - Pferdegattung;395;......0607 Freimettigen;5;7;7;6;5;9;10;14
Tiere - Pferdegattung;396;......0608 Grosshöchstetten;34;36;43;46;29;30;29;26
Tiere - Pferdegattung;397;......0609 Häutligen;20;17;18;20;15;12;7;17
Tiere - Pferdegattung;398;......0610 Herbligen;33;29;30;31;8;8;6;4
Tiere - Pferdegattung;399;......0611 Kiesen;46;40;22;12;13;7;9;2
Tiere - Pferdegattung;400;......0612 Konolfingen;110;123;75;89;58;61;63;74
Tiere - Pferdegattung;401;......0613 Landiswil;36;36;31;33;41;33;51;48
Tiere - Pferdegattung;402;......0614 Linden;54;40;41;68;39;35;21;44
Tiere - Pferdegattung;403;......0615 Mirchel;20;23;9;7;16;15;17;18
Tiere - Pferdegattung;404;......0616 Münsingen;110;104;134;171;94;123;70;78
Tiere - Pferdegattung;405;......0617 Niederhünigen;45;44;52;79;73;57;23;20
Tiere - Pferdegattung;406;......0619 Oberdiessbach;38;47;48;74;67;76;46;49
Tiere - Pferdegattung;407;......0620 Oberthal;20;23;29;32;49;53;60;74
Tiere - Pferdegattung;408;......0622 Oppligen;17;17;17;16;15;18;12;1
Tiere - Pferdegattung;409;......0623 Rubigen;73;60;59;39;39;41;66;44
Tiere - Pferdegattung;410;......0626 Walkringen;34;29;22;26;37;46;93;88
Tiere - Pferdegattung;411;......0627 Worb;251;237;232;222;218;207;86;79
Tiere - Pferdegattung;412;......0628 Zäziwil;6;4;5;3;16;21;17;18
Tiere - Pferdegattung;413;......0629 Oberhünigen;30;37;21;23;22;20;22;26
Tiere - Pferdegattung;414;......0630 Allmendingen;48;40;28;27;17;24;0;0
Tiere - Pferdegattung;415;......0632 Wichtrach;69;66;77;81;51;36;25;23
Tiere - Pferdegattung;416;......0662 Ferenbalm;67;70;50;41;37;22;17;18
Tiere - Pferdegattung;417;......0663 Frauenkappelen;36;42;104;90;64;53;35;24
Tiere - Pferdegattung;418;......0665 Gurbrü;41;40;44;43;41;20;10;11
Tiere - Pferdegattung;419;......0666 Kriechenwil;11;19;16;20;19;14;21;24
Tiere - Pferdegattung;420;......0667 Laupen;0;0;0;0;0;0;3;6
Tiere - Pferdegattung;421;......0668 Mühleberg;87;70;101;82;70;74;75;80
Tiere - Pferdegattung;422;......0669 Münchenwiler;59;57;34;48;58;43;13;11
Tiere - Pferdegattung;423;......0670 Neuenegg;116;118;128;147;176;179;103;84
Tiere - Pferdegattung;424;......0671 Wileroltigen;23;23;21;20;24;29;28;10
Tiere - Pferdegattung;425;......0852 Guggisberg;143;128;166;183;169;144;104;135
Tiere - Pferdegattung;426;......0853 Rüschegg;54;75;93;115;90;68;85;47
Tiere - Pferdegattung;427;......0855 Schwarzenburg;293;296;256;260;277;242;207;216
Tiere - Pferdegattung;428;......0861 Belp;109;121;111;116;92;70;81;89
Tiere - Pferdegattung;429;......0866 Gerzensee;78;83;71;70;69;30;35;40
Tiere - Pferdegattung;430;......0868 Jaberg;32;27;4;2;2;3;3;7
Tiere - Pferdegattung;431;......0869 Kaufdorf;4;4;3;12;15;16;21;19
Tiere - Pferdegattung;432;......0870 Kehrsatz;27;24;24;29;24;41;26;17
Tiere - Pferdegattung;433;......0872 Kirchdorf (BE);92;85;83;56;60;68;68;85
Tiere - Pferdegattung;434;......0877 Niedermuhlern;27;17;15;29;26;29;54;56
Tiere - Pferdegattung;435;......0879 Riggisberg;151;146;111;91;88;97;103;106
Tiere - Pferdegattung;436;......0880 Rüeggisberg;139;126;115;175;156;180;195;203
Tiere - Pferdegattung;437;......0884 Toffen;18;18;10;10;10;11;16;14
Tiere - Pferdegattung;438;......0888 Wald (BE);68;72;64;62;66;85;66;83
Tiere - Pferdegattung;439;......0889 Thurnen;50;36;31;33;39;51;11;21
Tiere - Pferdegattung;440;>> Verwaltungskreis Thun;932;970;861;993;915;866;766;778
Tiere - Pferdegattung;441;......0767 Reutigen;4;5;11;9;9;7;1;4
Tiere - Pferdegattung;442;......0770 Stocken-Höfen;50;61;63;73;63;30;25;35
Tiere - Pferdegattung;443;......0863 Burgistein;33;25;21;21;31;24;25;32
Tiere - Pferdegattung;444;......0867 Gurzelen;37;31;49;33;28;26;45;51
Tiere - Pferdegattung;445;......0883 Seftigen;10;11;12;17;10;20;30;16
Tiere - Pferdegattung;446;......0885 Uttigen;56;59;38;131;53;36;23;19
Tiere - Pferdegattung;447;......0886 Wattenwil;30;33;9;8;9;16;19;28
Tiere - Pferdegattung;448;......0921 Amsoldingen;16;18;11;3;3;6;7;12
Tiere - Pferdegattung;449;......0922 Blumenstein;28;23;11;17;24;25;10;16
Tiere - Pferdegattung;450;......0923 Buchholterberg;12;38;30;41;64;59;50;64
Tiere - Pferdegattung;451;......0924 Eriz;24;30;34;31;30;18;9;7
Tiere - Pferdegattung;452;......0925 Fahrni;73;67;65;78;57;47;51;49
Tiere - Pferdegattung;453;......0927 Heiligenschwendi;23;23;25;25;23;23;22;21
Tiere - Pferdegattung;454;......0928 Heimberg;19;25;21;27;21;19;8;10
Tiere - Pferdegattung;455;......0929 Hilterfingen;0;0;0;0;0;0;0;1
Tiere - Pferdegattung;456;......0931 Homberg;14;13;6;11;14;22;26;34
Tiere - Pferdegattung;457;......0932 Horrenbach-Buchen;19;26;19;9;11;15;18;17
Tiere - Pferdegattung;458;......0934 Oberhofen am Thunersee;0;0;0;2;3;6;5;5
Tiere - Pferdegattung;459;......0935 Oberlangenegg;7;7;12;25;18;21;20;29
Tiere - Pferdegattung;460;......0936 Pohlern;2;6;9;9;13;12;7;7
Tiere - Pferdegattung;461;......0938 Sigriswil;31;32;21;18;13;16;24;22
Tiere - Pferdegattung;462;......0939 Steffisburg;57;56;36;53;74;76;108;97
Tiere - Pferdegattung;463;......0940 Teuffenthal (BE);3;6;11;12;8;9;3;6
Tiere - Pferdegattung;464;......0941 Thierachern;62;57;44;43;51;44;17;19
Tiere - Pferdegattung;465;......0942 Thun;45;48;48;46;68;65;60;27
Tiere - Pferdegattung;466;......0943 Uebeschi;64;51;51;38;43;65;40;34
Tiere - Pferdegattung;467;......0944 Uetendorf;88;94;90;98;64;49;27;37
Tiere - Pferdegattung;468;......0945 Unterlangenegg;62;62;44;64;58;61;42;34
Tiere - Pferdegattung;469;......0946 Wachseldorn;34;35;31;32;33;28;16;14
Tiere - Pferdegattung;470;......0947 Zwieselberg;4;3;7;6;2;5;2;5
Tiere - Pferdegattung;471;......0948 Forst-Längenbühl;25;25;32;13;17;16;26;26
Tiere - Rinder;365;>> Verwaltungskreis Bern-Mittelland;76828;76031;80529;82137;78888;80139;95143;96991
Tiere - Rinder;366;......0307 Meikirch;1010;951;1090;1034;977;1034;1210;1184
Tiere - Rinder;367;......0351 Bern;1081;1027;1189;1176;1171;1413;1851;2026
Tiere - Rinder;368;......0352 Bolligen;1249;1317;1397;1168;1070;1239;1450;1867
Tiere - Rinder;369;......0353 Bremgarten bei Bern;87;89;96;107;95;92;109;153
Tiere - Rinder;370;......0354 Kirchlindach;1728;1776;1687;1651;1333;1421;1343;1459
Tiere - Rinder;371;......0355 Köniz;4204;4148;4426;4562;4045;4081;5009;5301
Tiere - Rinder;372;......0356 Muri bei Bern;160;154;141;204;284;317;376;564
Tiere - Rinder;373;......0357 Oberbalm;1654;1598;1654;1680;1651;1563;1789;1771
Tiere - Rinder;374;......0358 Stettlen;252;267;266;246;241;270;334;381
Tiere - Rinder;375;......0359 Vechigen;2248;2157;2407;2580;2482;2418;3064;2975
Tiere - Rinder;376;......0360 Wohlen bei Bern;2800;2648;2813;2949;2476;2656;2945;3213
Tiere - Rinder;377;......0361 Zollikofen;963;909;804;361;349;349;290;460
Tiere - Rinder;378;......0362 Ittigen;307;293;232;92;262;136;208;0
Tiere - Rinder;379;......0363 Ostermundigen;136;153;210;242;175;185;107;0
Tiere - Rinder;380;......0403 Bäriswil;63;64;72;69;74;106;184;184
Tiere - Rinder;381;......0535 Deisswil bei Münchenbuchsee;139;125;128;121;121;149;161;174
Tiere - Rinder;382;......0538 Fraubrunnen;1953;1941;2259;2094;1943;2010;2838;3247
Tiere - Rinder;383;......0540 Jegenstorf;785;767;856;902;749;892;1105;1222
Tiere - Rinder;384;......0541 Iffwil;176;162;206;233;249;264;396;408
Tiere - Rinder;385;......0543 Mattstetten;201;237;71;82;105;213;386;431
Tiere - Rinder;386;......0544 Moosseedorf;276;280;330;182;219;233;349;416
Tiere - Rinder;387;......0546 Münchenbuchsee;480;519;574;515;565;519;892;929
Tiere - Rinder;388;......0551 Urtenen-Schönbühl;175;181;173;232;198;274;482;568
Tiere - Rinder;389;......0553 Wiggiswil;124;126;242;252;202;154;193;192
Tiere - Rinder;390;......0557 Zuzwil (BE);292;296;272;220;228;233;290;284
Tiere - Rinder;391;......0602 Arni (BE);1723;1639;1668;1607;1536;1484;1703;1576
Tiere - Rinder;392;......0603 Biglen;283;277;299;321;378;435;500;545
Tiere - Rinder;393;......0605 Bowil;1512;1484;1396;1431;1439;1477;1711;1741
Tiere - Rinder;394;......0606 Brenzikofen;277;276;253;266;242;215;250;229
Tiere - Rinder;395;......0607 Freimettigen;214;222;251;255;329;370;462;577
Tiere - Rinder;396;......0608 Grosshöchstetten;780;779;891;932;918;967;1088;1093
Tiere - Rinder;397;......0609 Häutligen;360;353;365;429;422;412;467;451
Tiere - Rinder;398;......0610 Herbligen;277;292;355;402;381;393;395;473
Tiere - Rinder;399;......0611 Kiesen;232;392;348;252;278;316;369;399
Tiere - Rinder;400;......0612 Konolfingen;1711;1688;1755;1716;1649;1844;2040;1977
Tiere - Rinder;401;......0613 Landiswil;1435;1431;1350;1455;1404;1415;1554;1434
Tiere - Rinder;402;......0614 Linden;1525;1495;1493;1598;1601;1646;1889;1753
Tiere - Rinder;403;......0615 Mirchel;491;482;441;458;407;462;485;518
Tiere - Rinder;404;......0616 Münsingen;1107;1122;1357;1396;1280;1430;1262;1260
Tiere - Rinder;405;......0617 Niederhünigen;356;339;414;444;421;461;581;488
Tiere - Rinder;406;......0619 Oberdiessbach;1441;1374;1510;1402;1446;1512;1849;1845
Tiere - Rinder;407;......0620 Oberthal;1246;1262;1311;1425;1379;1414;1635;1527
Tiere - Rinder;408;......0622 Oppligen;259;246;269;265;239;253;350;393
Tiere - Rinder;409;......0623 Rubigen;494;498;575;607;598;660;1627;1636
Tiere - Rinder;410;......0626 Walkringen;1826;1791;1937;1969;1781;1706;1959;1826
Tiere - Rinder;411;......0627 Worb;1965;1918;2048;2264;2184;2306;2835;2894
Tiere - Rinder;412;......0628 Zäziwil;625;625;673;735;730;685;912;855
Tiere - Rinder;413;......0629 Oberhünigen;462;442;518;542;505;418;576;565
Tiere - Rinder;414;......0630 Allmendingen;547;515;526;517;470;503;0;0
Tiere - Rinder;415;......0632 Wichtrach;697;767;942;987;1007;1048;1288;1282
Tiere - Rinder;416;......0662 Ferenbalm;805;778;771;1007;913;818;1015;1212
Tiere - Rinder;417;......0663 Frauenkappelen;304;301;310;412;423;398;638;636
Tiere - Rinder;418;......0665 Gurbrü;151;171;283;227;201;310;354;391
Tiere - Rinder;419;......0666 Kriechenwil;448;464;449;453;423;445;535;608
Tiere - Rinder;420;......0667 Laupen;287;253;171;167;116;188;163;284
Tiere - Rinder;421;......0668 Mühleberg;2507;2548;2485;2517;2136;2103;2337;2788
Tiere - Rinder;422;......0669 Münchenwiler;586;572;577;516;395;265;287;392
Tiere - Rinder;423;......0670 Neuenegg;1645;1620;1825;1720;1684;1607;1989;2375
Tiere - Rinder;424;......0671 Wileroltigen;197;200;293;338;341;372;457;482
Tiere - Rinder;425;......0852 Guggisberg;3760;3835;3915;3981;3898;3708;4098;3757
Tiere - Rinder;426;......0853 Rüschegg;1470;1406;1437;1568;1559;1343;1619;1543
Tiere - Rinder;427;......0855 Schwarzenburg;5535;5430;6073;6220;6013;5872;6465;6296
Tiere - Rinder;428;......0861 Belp;1646;1743;1953;2250;2328;2372;3077;3201
Tiere - Rinder;429;......0866 Gerzensee;1003;934;913;960;785;761;915;951
Tiere - Rinder;430;......0868 Jaberg;124;143;83;82;77;107;121;160
Tiere - Rinder;431;......0869 Kaufdorf;191;164;178;257;450;334;428;431
Tiere - Rinder;432;......0870 Kehrsatz;380;419;410;487;489;499;654;615
Tiere - Rinder;433;......0872 Kirchdorf (BE);1573;1495;1575;1755;1783;1862;2290;2306
Tiere - Rinder;434;......0877 Niedermuhlern;952;945;913;1024;971;1025;1125;1143
Tiere - Rinder;435;......0879 Riggisberg;2312;2244;2508;2561;2673;2721;3008;2901
Tiere - Rinder;436;......0880 Rüeggisberg;3705;3680;3682;3939;4140;4119;4798;4267
Tiere - Rinder;437;......0884 Toffen;376;355;433;466;427;429;568;593
Tiere - Rinder;438;......0888 Wald (BE);1676;1612;1832;1677;1503;1553;2013;1843
Tiere - Rinder;439;......0889 Thurnen;807;825;920;924;872;875;1041;1070
Tiere - Rinder;440;>> Verwaltungskreis Thun;24553;24259;24803;26428;26926;27039;30891;28321
Tiere - Rinder;441;......0767 Reutigen;801;799;796;829;819;818;887;779
Tiere - Rinder;442;......0770 Stocken-Höfen;1034;974;1020;1024;1158;1122;1251;1121
Tiere - Rinder;443;......0863 Burgistein;1074;1054;1106;1118;1085;1160;1045;1010
Tiere - Rinder;444;......0867 Gurzelen;859;842;850;868;823;833;927;814
Tiere - Rinder;445;......0883 Seftigen;406;375;423;442;455;469;546;649
Tiere - Rinder;446;......0885 Uttigen;349;334;376;369;419;433;444;441
Tiere - Rinder;447;......0886 Wattenwil;1047;1008;1030;1172;1158;1039;1343;1333
Tiere - Rinder;448;......0921 Amsoldingen;599;647;700;699;720;663;753;689
Tiere - Rinder;449;......0922 Blumenstein;690;678;674;678;718;714;1364;827
Tiere - Rinder;450;......0923 Buchholterberg;1986;1913;2028;2136;2115;2152;2325;2104
Tiere - Rinder;451;......0924 Eriz;866;818;871;790;881;848;926;781
Tiere - Rinder;452;......0925 Fahrni;1033;1029;1087;1128;1092;1082;1309;1227
Tiere - Rinder;453;......0927 Heiligenschwendi;474;417;392;435;459;483;527;482
Tiere - Rinder;454;......0928 Heimberg;352;347;374;307;314;371;395;435
Tiere - Rinder;455;......0929 Hilterfingen;2;0;0;0;7;11;9;5
Tiere - Rinder;456;......0931 Homberg;769;767;717;774;794;836;869;870
Tiere - Rinder;457;......0932 Horrenbach-Buchen;585;595;615;677;691;631;717;646
Tiere - Rinder;458;......0934 Oberhofen am Thunersee;92;96;105;118;120;125;151;145
Tiere - Rinder;459;......0935 Oberlangenegg;928;898;876;992;1077;1020;1186;1068
Tiere - Rinder;460;......0936 Pohlern;377;360;361;413;446;453;430;348
Tiere - Rinder;461;......0938 Sigriswil;2285;2293;2422;2853;2883;2843;3181;2747
Tiere - Rinder;462;......0939 Steffisburg;946;982;1053;1191;1235;1421;1799;1771
Tiere - Rinder;463;......0940 Teuffenthal (BE);382;391;385;419;443;401;393;338
Tiere - Rinder;464;......0941 Thierachern;1030;1018;943;1024;968;983;959;1018
Tiere - Rinder;465;......0942 Thun;542;540;615;826;886;925;1131;1113
Tiere - Rinder;466;......0943 Uebeschi;884;872;848;986;964;905;1007;878
Tiere - Rinder;467;......0944 Uetendorf;1259;1305;1286;1286;1193;1238;1570;1725
Tiere - Rinder;468;......0945 Unterlangenegg;902;917;997;1070;1167;1203;1345;1224
Tiere - Rinder;469;......0946 Wachseldorn;622;634;600;640;648;637;765;652
Tiere - Rinder;470;......0947 Zwieselberg;342;316;345;316;337;358;403;368
Tiere - Rinder;471;......0948 Forst-Längenbühl;1036;1040;908;848;851;862;934;713
Tiere - Schafe;365;>> Verwaltungskreis Bern-Mittelland;19950;19259;18163;20393;19423;14789;11633;8642
Tiere - Schafe;366;......0307 Meikirch;468;650;289;278;359;191;65;70
Tiere - Schafe;367;......0351 Bern;224;358;356;659;549;414;433;728
Tiere - Schafe;368;......0352 Bolligen;300;309;303;380;404;149;195;263
Tiere - Schafe;369;......0353 Bremgarten bei Bern;54;87;0;88;86;78;89;40
Tiere - Schafe;370;......0354 Kirchlindach;104;39;116;184;159;194;199;171
Tiere - Schafe;371;......0355 Köniz;551;479;469;648;751;813;565;378
Tiere - Schafe;372;......0356 Muri bei Bern;8;8;0;3;23;6;40;74
Tiere - Schafe;373;......0357 Oberbalm;197;202;312;392;378;241;263;135
Tiere - Schafe;374;......0358 Stettlen;0;0;32;10;3;9;56;47
Tiere - Schafe;375;......0359 Vechigen;92;645;660;948;745;639;376;204
Tiere - Schafe;376;......0360 Wohlen bei Bern;482;486;370;433;330;628;274;264
Tiere - Schafe;377;......0361 Zollikofen;0;0;83;0;102;25;93;163
Tiere - Schafe;378;......0362 Ittigen;29;25;72;89;72;182;71;0
Tiere - Schafe;379;......0363 Ostermundigen;121;147;194;260;162;161;17;0
Tiere - Schafe;380;......0403 Bäriswil;0;0;0;0;0;2;29;18
Tiere - Schafe;381;......0535 Deisswil bei Münchenbuchsee;0;0;0;0;14;24;21;17
Tiere - Schafe;382;......0538 Fraubrunnen;258;132;339;282;429;119;77;71
Tiere - Schafe;383;......0540 Jegenstorf;31;31;35;60;74;179;49;61
Tiere - Schafe;384;......0541 Iffwil;29;20;2;36;5;3;16;17
Tiere - Schafe;385;......0543 Mattstetten;0;0;4;10;6;21;8;9
Tiere - Schafe;386;......0544 Moosseedorf;0;0;0;20;15;11;13;32
Tiere - Schafe;387;......0546 Münchenbuchsee;3;4;13;28;8;20;66;126
Tiere - Schafe;388;......0551 Urtenen-Schönbühl;26;25;0;10;15;13;12;4
Tiere - Schafe;389;......0553 Wiggiswil;0;0;0;0;0;0;12;0
Tiere - Schafe;390;......0557 Zuzwil (BE);0;0;14;108;6;4;48;29
Tiere - Schafe;391;......0602 Arni (BE);183;89;141;131;127;117;62;62
Tiere - Schafe;392;......0603 Biglen;495;346;285;223;114;119;75;43
Tiere - Schafe;393;......0605 Bowil;220;205;225;136;152;245;346;243
Tiere - Schafe;394;......0606 Brenzikofen;0;0;0;0;0;0;13;0
Tiere - Schafe;395;......0607 Freimettigen;7;4;30;43;40;26;49;17
Tiere - Schafe;396;......0608 Grosshöchstetten;71;98;55;83;78;116;78;50
Tiere - Schafe;397;......0609 Häutligen;70;86;58;8;24;24;19;43
Tiere - Schafe;398;......0610 Herbligen;59;32;27;38;96;85;18;2
Tiere - Schafe;399;......0611 Kiesen;0;0;0;0;0;0;0;12
Tiere - Schafe;400;......0612 Konolfingen;260;267;223;221;296;167;243;195
Tiere - Schafe;401;......0613 Landiswil;214;192;207;187;211;63;175;33
Tiere - Schafe;402;......0614 Linden;284;315;452;521;647;503;397;140
Tiere - Schafe;403;......0615 Mirchel;18;15;28;42;105;112;17;7
Tiere - Schafe;404;......0616 Münsingen;55;54;58;68;50;110;180;135
Tiere - Schafe;405;......0617 Niederhünigen;26;43;35;29;39;68;24;37
Tiere - Schafe;406;......0619 Oberdiessbach;349;412;442;720;944;357;260;327
Tiere - Schafe;407;......0620 Oberthal;201;213;230;164;87;186;225;111
Tiere - Schafe;408;......0622 Oppligen;0;2;0;3;0;12;5;7
Tiere - Schafe;409;......0623 Rubigen;15;12;31;31;41;72;122;40
Tiere - Schafe;410;......0626 Walkringen;741;633;579;566;479;478;418;318
Tiere - Schafe;411;......0627 Worb;182;167;152;228;172;369;234;73
Tiere - Schafe;412;......0628 Zäziwil;28;4;68;105;52;96;129;47
Tiere - Schafe;413;......0629 Oberhünigen;33;30;22;50;28;9;21;19
Tiere - Schafe;414;......0630 Allmendingen;10;9;12;19;12;16;0;0
Tiere - Schafe;415;......0632 Wichtrach;240;106;236;340;209;48;115;48
Tiere - Schafe;416;......0662 Ferenbalm;122;102;197;278;219;155;121;112
Tiere - Schafe;417;......0663 Frauenkappelen;86;67;92;223;190;107;23;34
Tiere - Schafe;418;......0665 Gurbrü;1126;1663;655;518;586;483;87;11
Tiere - Schafe;419;......0666 Kriechenwil;0;90;77;80;89;4;8;1
Tiere - Schafe;420;......0667 Laupen;0;0;0;11;20;12;29;17
Tiere - Schafe;421;......0668 Mühleberg;548;486;398;452;303;302;265;459
Tiere - Schafe;422;......0669 Münchenwiler;304;130;130;173;22;220;5;6
Tiere - Schafe;423;......0670 Neuenegg;127;99;113;120;253;232;255;88
Tiere - Schafe;424;......0671 Wileroltigen;244;295;321;383;344;87;159;36
Tiere - Schafe;425;......0852 Guggisberg;297;285;297;358;365;420;324;258
Tiere - Schafe;426;......0853 Rüschegg;321;234;331;580;514;395;289;119
Tiere - Schafe;427;......0855 Schwarzenburg;3877;3017;2796;3074;2538;1196;637;335
Tiere - Schafe;428;......0861 Belp;690;1450;868;855;1005;607;601;1078
Tiere - Schafe;429;......0866 Gerzensee;377;252;157;286;225;159;115;70
Tiere - Schafe;430;......0868 Jaberg;75;54;30;60;73;41;9;0
Tiere - Schafe;431;......0869 Kaufdorf;183;144;100;126;85;87;55;21
Tiere - Schafe;432;......0870 Kehrsatz;386;295;124;98;79;65;229;317
Tiere - Schafe;433;......0872 Kirchdorf (BE);363;196;694;941;618;293;117;140
Tiere - Schafe;434;......0877 Niedermuhlern;78;70;81;63;270;172;105;39
Tiere - Schafe;435;......0879 Riggisberg;283;236;264;302;410;313;366;116
Tiere - Schafe;436;......0880 Rüeggisberg;3033;2343;2456;1862;1925;1356;805;284
Tiere - Schafe;437;......0884 Toffen;58;86;62;38;86;111;204;53
Tiere - Schafe;438;......0888 Wald (BE);437;434;443;429;313;213;334;50
Tiere - Schafe;439;......0889 Thurnen;197;250;218;201;193;235;179;68
Tiere - Schafe;440;>> Verwaltungskreis Thun;4466;4818;4755;6160;7089;4764;4344;2332
Tiere - Schafe;441;......0767 Reutigen;0;0;0;0;0;23;50;0
Tiere - Schafe;442;......0770 Stocken-Höfen;24;35;81;69;94;49;66;67
Tiere - Schafe;443;......0863 Burgistein;310;296;236;436;249;142;227;126
Tiere - Schafe;444;......0867 Gurzelen;35;42;158;165;93;206;155;48
Tiere - Schafe;445;......0883 Seftigen;105;88;32;77;49;41;93;62
Tiere - Schafe;446;......0885 Uttigen;0;0;0;0;0;0;79;83
Tiere - Schafe;447;......0886 Wattenwil;148;150;189;498;475;440;342;161
Tiere - Schafe;448;......0921 Amsoldingen;44;39;0;0;0;7;46;20
Tiere - Schafe;449;......0922 Blumenstein;88;89;189;141;176;121;105;44
Tiere - Schafe;450;......0923 Buchholterberg;323;803;694;766;899;373;245;55
Tiere - Schafe;451;......0924 Eriz;339;363;379;576;671;407;310;213
Tiere - Schafe;452;......0925 Fahrni;56;43;56;217;174;158;99;39
Tiere - Schafe;453;......0927 Heiligenschwendi;61;64;67;105;125;80;90;30
Tiere - Schafe;454;......0928 Heimberg;49;40;58;22;30;24;55;56
Tiere - Schafe;455;......0929 Hilterfingen;0;0;0;0;0;0;1;14
Tiere - Schafe;456;......0931 Homberg;210;175;128;186;196;102;54;14
Tiere - Schafe;457;......0932 Horrenbach-Buchen;99;165;165;176;168;103;47;47
Tiere - Schafe;458;......0934 Oberhofen am Thunersee;0;2;7;7;28;29;32;4
Tiere - Schafe;459;......0935 Oberlangenegg;614;560;373;346;412;159;115;114
Tiere - Schafe;460;......0936 Pohlern;0;0;78;0;12;58;32;22
Tiere - Schafe;461;......0938 Sigriswil;518;464;317;367;434;438;495;292
Tiere - Schafe;462;......0939 Steffisburg;144;88;114;163;308;264;339;155
Tiere - Schafe;463;......0940 Teuffenthal (BE);13;15;5;73;36;8;17;11
Tiere - Schafe;464;......0941 Thierachern;104;141;89;119;122;119;113;63
Tiere - Schafe;465;......0942 Thun;156;158;199;239;810;261;387;159
Tiere - Schafe;466;......0943 Uebeschi;79;55;8;97;68;16;54;52
Tiere - Schafe;467;......0944 Uetendorf;162;196;199;199;248;247;217;129
Tiere - Schafe;468;......0945 Unterlangenegg;687;644;746;879;1046;704;403;151
Tiere - Schafe;469;......0946 Wachseldorn;28;36;62;49;44;43;3;0
Tiere - Schafe;470;......0947 Zwieselberg;0;0;36;98;29;43;5;67
Tiere - Schafe;471;......0948 Forst-Längenbühl;70;67;90;90;93;99;68;34
Tiere - Schweine;365;>> Verwaltungskreis Bern-Mittelland;61121;59448;73068;83798;85020;77513;97000;123527
Tiere - Schweine;366;......0307 Meikirch;684;426;830;672;787;988;2130;1957
Tiere - Schweine;367;......0351 Bern;1972;2171;2363;2155;1721;1447;1687;3063
Tiere - Schweine;368;......0352 Bolligen;517;611;882;1550;1713;1482;1752;2399
Tiere - Schweine;369;......0353 Bremgarten bei Bern;0;0;0;0;0;0;15;30
Tiere - Schweine;370;......0354 Kirchlindach;486;387;920;1035;1124;1083;1411;1830
Tiere - Schweine;371;......0355 Köniz;2019;1532;2093;2012;2484;2162;3282;4034
Tiere - Schweine;372;......0356 Muri bei Bern;0;0;0;0;0;0;37;179
Tiere - Schweine;373;......0357 Oberbalm;685;748;969;984;1299;1613;1808;2079
Tiere - Schweine;374;......0358 Stettlen;3;0;0;7;37;36;98;265
Tiere - Schweine;375;......0359 Vechigen;1128;876;1918;1975;1923;2102;2471;3512
Tiere - Schweine;376;......0360 Wohlen bei Bern;2390;2269;2941;3542;4532;4862;5532;5949
Tiere - Schweine;377;......0361 Zollikofen;498;606;1021;1618;1667;1491;1206;1424
Tiere - Schweine;378;......0362 Ittigen;0;0;0;0;0;48;155;0
Tiere - Schweine;379;......0363 Ostermundigen;0;0;0;0;216;139;69;0
Tiere - Schweine;380;......0403 Bäriswil;10;15;23;36;20;173;370;447
Tiere - Schweine;381;......0535 Deisswil bei Münchenbuchsee;0;0;0;0;24;250;352;452
Tiere - Schweine;382;......0538 Fraubrunnen;6207;6126;7992;6586;8136;6544;6836;7739
Tiere - Schweine;383;......0540 Jegenstorf;2564;2218;3215;2758;1644;1893;3040;2852
Tiere - Schweine;384;......0541 Iffwil;2141;2083;2041;2347;2226;1288;1104;1354
Tiere - Schweine;385;......0543 Mattstetten;626;626;0;0;20;185;501;583
Tiere - Schweine;386;......0544 Moosseedorf;1261;1261;1454;1806;911;1031;992;1293
Tiere - Schweine;387;......0546 Münchenbuchsee;2002;2176;2173;3082;2783;2216;2353;2597
Tiere - Schweine;388;......0551 Urtenen-Schönbühl;0;0;0;123;290;220;662;1016
Tiere - Schweine;389;......0553 Wiggiswil;105;93;137;217;550;416;484;1043
Tiere - Schweine;390;......0557 Zuzwil (BE);1667;1481;1153;1513;2011;1673;1272;1427
Tiere - Schweine;391;......0602 Arni (BE);705;628;894;1136;1387;1510;1707;2172
Tiere - Schweine;392;......0603 Biglen;188;206;137;255;205;194;428;699
Tiere - Schweine;393;......0605 Bowil;645;664;803;1016;1007;852;1015;1695
Tiere - Schweine;394;......0606 Brenzikofen;0;0;80;146;189;255;176;275
Tiere - Schweine;395;......0607 Freimettigen;399;275;116;47;115;321;523;599
Tiere - Schweine;396;......0608 Grosshöchstetten;856;800;1046;1065;1210;1142;1224;1530
Tiere - Schweine;397;......0609 Häutligen;830;902;386;490;494;199;268;398
Tiere - Schweine;398;......0610 Herbligen;360;0;0;230;203;58;207;343
Tiere - Schweine;399;......0611 Kiesen;989;1090;1173;1139;847;761;695;639
Tiere - Schweine;400;......0612 Konolfingen;2165;2122;2125;2863;2522;2198;1878;2420
Tiere - Schweine;401;......0613 Landiswil;501;458;829;1329;1213;1159;1650;1373
Tiere - Schweine;402;......0614 Linden;33;2;59;213;173;157;149;500
Tiere - Schweine;403;......0615 Mirchel;282;254;308;243;359;301;592;761
Tiere - Schweine;404;......0616 Münsingen;174;293;698;461;1216;1181;995;1150
Tiere - Schweine;405;......0617 Niederhünigen;6;0;0;0;11;124;161;423
Tiere - Schweine;406;......0619 Oberdiessbach;547;486;702;603;808;815;876;1781
Tiere - Schweine;407;......0620 Oberthal;361;222;332;396;581;662;1185;1531
Tiere - Schweine;408;......0622 Oppligen;151;112;133;240;180;327;313;499
Tiere - Schweine;409;......0623 Rubigen;36;78;74;332;373;484;2258;2823
Tiere - Schweine;410;......0626 Walkringen;1922;1881;1173;1561;1474;955;897;1448
Tiere - Schweine;411;......0627 Worb;2004;1963;2226;3198;2683;2937;2677;3272
Tiere - Schweine;412;......0628 Zäziwil;320;336;563;729;570;607;1780;2139
Tiere - Schweine;413;......0629 Oberhünigen;150;122;168;320;389;325;744;684
Tiere - Schweine;414;......0630 Allmendingen;36;36;54;158;115;148;0;0
Tiere - Schweine;415;......0632 Wichtrach;8;75;172;202;295;326;1378;1676
Tiere - Schweine;416;......0662 Ferenbalm;930;520;848;1147;769;1074;1112;1580
Tiere - Schweine;417;......0663 Frauenkappelen;521;433;581;337;404;442;376;901
Tiere - Schweine;418;......0665 Gurbrü;0;0;0;0;0;0;14;150
Tiere - Schweine;419;......0666 Kriechenwil;36;42;46;151;173;221;428;1357
Tiere - Schweine;420;......0667 Laupen;0;0;522;1009;604;519;88;207
Tiere - Schweine;421;......0668 Mühleberg;3933;3908;4120;5458;6741;4424;6204;7142
Tiere - Schweine;422;......0669 Münchenwiler;54;54;141;191;164;105;405;999
Tiere - Schweine;423;......0670 Neuenegg;2674;2774;5239;4903;4842;3933;4235;6119
Tiere - Schweine;424;......0671 Wileroltigen;0;0;25;18;104;390;653;1151
Tiere - Schweine;425;......0852 Guggisberg;83;131;311;484;384;819;1357;1716
Tiere - Schweine;426;......0853 Rüschegg;55;150;172;284;385;407;778;781
Tiere - Schweine;427;......0855 Schwarzenburg;2868;3013;3669;3736;3820;2915;3930;4401
Tiere - Schweine;428;......0861 Belp;923;1173;1769;1957;1515;978;1168;2641
Tiere - Schweine;429;......0866 Gerzensee;0;0;125;324;709;845;913;826
Tiere - Schweine;430;......0868 Jaberg;0;24;4;29;25;23;102;74
Tiere - Schweine;431;......0869 Kaufdorf;2;0;3;124;248;268;480;517
Tiere - Schweine;432;......0870 Kehrsatz;0;0;0;3;91;163;255;520
Tiere - Schweine;433;......0872 Kirchdorf (BE);4233;4334;4234;4629;2632;2478;2956;3772
Tiere - Schweine;434;......0877 Niedermuhlern;783;516;568;698;258;550;949;1123
Tiere - Schweine;435;......0879 Riggisberg;1640;1724;1664;1764;1524;1710;2432;3424
Tiere - Schweine;436;......0880 Rüeggisberg;612;694;1167;2065;2230;1915;2613;2945
Tiere - Schweine;437;......0884 Toffen;0;0;0;0;47;94;290;239
Tiere - Schweine;438;......0888 Wald (BE);551;598;951;1544;1403;1202;1003;1640
Tiere - Schweine;439;......0889 Thurnen;590;650;533;553;1211;698;864;948
Tiere - Schweine;440;>> Verwaltungskreis Thun;7122;7357;8964;10848;10103;9487;12302;16556
Tiere - Schweine;441;......0767 Reutigen;105;197;321;366;476;514;400;254
Tiere - Schweine;442;......0770 Stocken-Höfen;55;78;48;200;248;270;344;580
Tiere - Schweine;443;......0863 Burgistein;76;108;130;221;354;261;358;539
Tiere - Schweine;444;......0867 Gurzelen;1190;1118;1301;1114;1020;595;510;652
Tiere - Schweine;445;......0883 Seftigen;53;4;3;22;48;30;217;237
Tiere - Schweine;446;......0885 Uttigen;201;183;255;254;649;291;251;339
Tiere - Schweine;447;......0886 Wattenwil;286;297;395;420;462;354;553;386
Tiere - Schweine;448;......0921 Amsoldingen;70;157;199;382;384;624;446;663
Tiere - Schweine;449;......0922 Blumenstein;420;378;418;551;334;322;273;566
Tiere - Schweine;450;......0923 Buchholterberg;1194;1148;1589;1458;908;1081;1934;1923
Tiere - Schweine;451;......0924 Eriz;0;0;0;12;20;18;100;162
Tiere - Schweine;452;......0925 Fahrni;424;414;749;939;785;544;1010;1150
Tiere - Schweine;453;......0927 Heiligenschwendi;45;16;89;89;80;127;155;234
Tiere - Schweine;454;......0928 Heimberg;144;111;308;612;584;705;730;974
Tiere - Schweine;455;......0929 Hilterfingen;0;0;0;0;0;0;0;0
Tiere - Schweine;456;......0931 Homberg;168;165;166;444;489;377;572;722
Tiere - Schweine;457;......0932 Horrenbach-Buchen;0;3;24;20;20;43;129;143
Tiere - Schweine;458;......0934 Oberhofen am Thunersee;0;0;0;0;0;0;0;14
Tiere - Schweine;459;......0935 Oberlangenegg;105;98;272;463;420;567;688;1098
Tiere - Schweine;460;......0936 Pohlern;0;2;47;45;126;146;186;164
Tiere - Schweine;461;......0938 Sigriswil;12;5;10;19;8;59;169;483
Tiere - Schweine;462;......0939 Steffisburg;97;69;79;22;21;113;490;923
Tiere - Schweine;463;......0940 Teuffenthal (BE);46;74;115;126;145;159;204;137
Tiere - Schweine;464;......0941 Thierachern;0;0;27;31;103;75;159;268
Tiere - Schweine;465;......0942 Thun;2;1;4;6;38;147;197;396
Tiere - Schweine;466;......0943 Uebeschi;1023;963;917;596;720;413;256;363
Tiere - Schweine;467;......0944 Uetendorf;0;0;0;46;168;174;395;705
Tiere - Schweine;468;......0945 Unterlangenegg;70;103;101;594;557;682;968;1331
Tiere - Schweine;469;......0946 Wachseldorn;60;60;178;294;252;182;170;517
Tiere - Schweine;470;......0947 Zwieselberg;278;297;278;340;208;257;92;241
Tiere - Schweine;471;......0948 Forst-Längenbühl;998;1308;941;1162;476;357;346;392
Tiere - Übrige Tiere;365;>> Verwaltungskreis Bern-Mittelland;4694;5419;27014;8734;7148;5152;17383;26342
Tiere - Übrige Tiere;366;......0307 Meikirch;40;46;52;42;61;35;100;171
Tiere - Übrige Tiere;367;......0351 Bern;42;54;140;22;108;103;267;620
Tiere - Übrige Tiere;368;......0352 Bolligen;24;47;98;66;84;53;354;683
Tiere - Übrige Tiere;369;......0353 Bremgarten bei Bern;0;0;0;0;0;40;37;69
Tiere - Übrige Tiere;370;......0354 Kirchlindach;96;89;21;12;77;31;184;414
Tiere - Übrige Tiere;371;......0355 Köniz;263;201;467;511;381;261;846;1286
Tiere - Übrige Tiere;372;......0356 Muri bei Bern;26;217;218;0;0;1;66;39
Tiere - Übrige Tiere;373;......0357 Oberbalm;240;235;158;78;201;170;390;553
Tiere - Übrige Tiere;374;......0358 Stettlen;4;4;1;0;4;8;150;112
Tiere - Übrige Tiere;375;......0359 Vechigen;139;152;72;164;210;216;589;784
Tiere - Übrige Tiere;376;......0360 Wohlen bei Bern;62;157;20229;163;198;159;533;975
Tiere - Übrige Tiere;377;......0361 Zollikofen;0;0;0;722;30;6;240;114
Tiere - Übrige Tiere;378;......0362 Ittigen;3;2;0;0;0;0;49;0
Tiere - Übrige Tiere;379;......0363 Ostermundigen;4;4;3;837;26;20;20;0
Tiere - Übrige Tiere;380;......0403 Bäriswil;3;6;12;4;34;56;90;91
Tiere - Übrige Tiere;381;......0535 Deisswil bei Münchenbuchsee;22;19;0;575;14;10;41;69
Tiere - Übrige Tiere;382;......0538 Fraubrunnen;248;442;796;1806;1055;258;432;828
Tiere - Übrige Tiere;383;......0540 Jegenstorf;23;13;18;2;70;50;216;463
Tiere - Übrige Tiere;384;......0541 Iffwil;3;5;3;6;15;20;53;120
Tiere - Übrige Tiere;385;......0543 Mattstetten;8;3;0;0;35;3;46;65
Tiere - Übrige Tiere;386;......0544 Moosseedorf;8;6;25;10;36;23;45;73
Tiere - Übrige Tiere;387;......0546 Münchenbuchsee;98;100;98;112;80;87;108;118
Tiere - Übrige Tiere;388;......0551 Urtenen-Schönbühl;4;5;0;3;4;21;19;80
Tiere - Übrige Tiere;389;......0553 Wiggiswil;0;0;0;0;29;30;37;125
Tiere - Übrige Tiere;390;......0557 Zuzwil (BE);4;0;0;0;9;11;44;65
Tiere - Übrige Tiere;391;......0602 Arni (BE);35;38;90;90;99;82;428;519
Tiere - Übrige Tiere;392;......0603 Biglen;39;35;28;97;39;19;155;189
Tiere - Übrige Tiere;393;......0605 Bowil;78;54;71;83;118;140;513;697
Tiere - Übrige Tiere;394;......0606 Brenzikofen;10;16;11;0;18;44;56;104
Tiere - Übrige Tiere;395;......0607 Freimettigen;0;1;2;9;73;20;118;213
Tiere - Übrige Tiere;396;......0608 Grosshöchstetten;32;32;37;15;84;49;131;299
Tiere - Übrige Tiere;397;......0609 Häutligen;14;14;23;12;50;34;219;104
Tiere - Übrige Tiere;398;......0610 Herbligen;14;32;50;72;114;40;132;103
Tiere - Übrige Tiere;399;......0611 Kiesen;20;21;33;0;20;45;75;75
Tiere - Übrige Tiere;400;......0612 Konolfingen;86;61;58;55;140;145;413;783
Tiere - Übrige Tiere;401;......0613 Landiswil;99;36;205;194;196;155;446;548
Tiere - Übrige Tiere;402;......0614 Linden;124;153;61;29;124;56;295;561
Tiere - Übrige Tiere;403;......0615 Mirchel;42;35;29;11;61;72;60;232
Tiere - Übrige Tiere;404;......0616 Münsingen;23;16;126;117;48;109;250;507
Tiere - Übrige Tiere;405;......0617 Niederhünigen;4;10;20;16;71;47;89;178
Tiere - Übrige Tiere;406;......0619 Oberdiessbach;82;72;84;102;144;117;502;607
Tiere - Übrige Tiere;407;......0620 Oberthal;69;57;56;0;86;87;487;569
Tiere - Übrige Tiere;408;......0622 Oppligen;2;0;2;0;11;9;70;109
Tiere - Übrige Tiere;409;......0623 Rubigen;22;11;152;32;8;25;964;441
Tiere - Übrige Tiere;410;......0626 Walkringen;133;155;158;62;134;147;468;684
Tiere - Übrige Tiere;411;......0627 Worb;51;37;99;50;120;208;264;766
Tiere - Übrige Tiere;412;......0628 Zäziwil;3;6;6;8;52;38;142;194
Tiere - Übrige Tiere;413;......0629 Oberhünigen;21;19;20;50;48;25;126;203
Tiere - Übrige Tiere;414;......0630 Allmendingen;13;16;2;3;14;19;0;0
Tiere - Übrige Tiere;415;......0632 Wichtrach;25;18;47;43;68;81;155;530
Tiere - Übrige Tiere;416;......0662 Ferenbalm;57;23;20;19;78;43;272;303
Tiere - Übrige Tiere;417;......0663 Frauenkappelen;9;19;50;119;78;63;63;91
Tiere - Übrige Tiere;418;......0665 Gurbrü;5;6;8;5;11;17;106;217
Tiere - Übrige Tiere;419;......0666 Kriechenwil;686;431;3;18;11;17;67;129
Tiere - Übrige Tiere;420;......0667 Laupen;3;0;188;0;0;13;7;120
Tiere - Übrige Tiere;421;......0668 Mühleberg;55;32;15;53;45;74;308;562
Tiere - Übrige Tiere;422;......0669 Münchenwiler;0;0;10;0;40;25;41;202
Tiere - Übrige Tiere;423;......0670 Neuenegg;401;838;36;41;143;112;463;805
Tiere - Übrige Tiere;424;......0671 Wileroltigen;0;0;0;0;13;71;70;178
Tiere - Übrige Tiere;425;......0852 Guggisberg;130;116;142;319;188;139;474;859
Tiere - Übrige Tiere;426;......0853 Rüschegg;47;49;68;57;300;47;301;273
Tiere - Übrige Tiere;427;......0855 Schwarzenburg;107;145;176;134;388;268;779;1236
Tiere - Übrige Tiere;428;......0861 Belp;126;132;111;51;140;72;410;726
Tiere - Übrige Tiere;429;......0866 Gerzensee;17;16;14;27;19;19;119;214
Tiere - Übrige Tiere;430;......0868 Jaberg;7;3;0;8;11;2;14;25
Tiere - Übrige Tiere;431;......0869 Kaufdorf;42;31;23;0;24;22;38;84
Tiere - Übrige Tiere;432;......0870 Kehrsatz;19;15;6;37;29;29;86;112
Tiere - Übrige Tiere;433;......0872 Kirchdorf (BE);164;183;190;123;150;190;430;651
Tiere - Übrige Tiere;434;......0877 Niedermuhlern;18;18;21;2;102;50;143;306
Tiere - Übrige Tiere;435;......0879 Riggisberg;101;91;176;138;246;143;425;635
Tiere - Übrige Tiere;436;......0880 Rüeggisberg;205;255;155;115;265;122;705;838
Tiere - Übrige Tiere;437;......0884 Toffen;26;26;31;62;9;53;176;179
Tiere - Übrige Tiere;438;......0888 Wald (BE);27;25;21;9;79;41;252;287
Tiere - Übrige Tiere;439;......0889 Thurnen;37;213;1669;1112;78;35;120;178
Tiere - Übrige Tiere;440;>> Verwaltungskreis Thun;1496;1489;1983;1157;1709;1280;4283;7244
Tiere - Übrige Tiere;441;......0767 Reutigen;10;8;10;4;35;15;34;35
Tiere - Übrige Tiere;442;......0770 Stocken-Höfen;17;13;3;1;19;15;139;177
Tiere - Übrige Tiere;443;......0863 Burgistein;34;32;10;101;83;46;199;426
Tiere - Übrige Tiere;444;......0867 Gurzelen;2;3;6;22;41;34;205;243
Tiere - Übrige Tiere;445;......0883 Seftigen;19;20;0;2;5;18;97;203
Tiere - Übrige Tiere;446;......0885 Uttigen;32;30;40;23;0;7;74;197
Tiere - Übrige Tiere;447;......0886 Wattenwil;4;17;0;5;58;24;200;294
Tiere - Übrige Tiere;448;......0921 Amsoldingen;0;0;14;23;34;18;122;71
Tiere - Übrige Tiere;449;......0922 Blumenstein;6;5;9;17;18;35;53;111
Tiere - Übrige Tiere;450;......0923 Buchholterberg;246;264;153;87;240;159;429;654
Tiere - Übrige Tiere;451;......0924 Eriz;27;23;58;45;152;52;104;245
Tiere - Übrige Tiere;452;......0925 Fahrni;31;16;12;27;41;61;150;277
Tiere - Übrige Tiere;453;......0927 Heiligenschwendi;6;12;31;40;41;29;178;250
Tiere - Übrige Tiere;454;......0928 Heimberg;16;14;0;12;61;18;50;80
Tiere - Übrige Tiere;455;......0929 Hilterfingen;0;0;0;0;0;0;1;9
Tiere - Übrige Tiere;456;......0931 Homberg;24;31;62;39;36;75;101;238
Tiere - Übrige Tiere;457;......0932 Horrenbach-Buchen;5;16;39;24;73;49;169;215
Tiere - Übrige Tiere;458;......0934 Oberhofen am Thunersee;0;0;8;20;32;14;60;93
Tiere - Übrige Tiere;459;......0935 Oberlangenegg;4;14;24;20;9;14;43;325
Tiere - Übrige Tiere;460;......0936 Pohlern;0;2;453;318;6;3;23;62
Tiere - Übrige Tiere;461;......0938 Sigriswil;136;131;142;82;98;100;301;628
Tiere - Übrige Tiere;462;......0939 Steffisburg;109;118;153;62;133;73;396;426
Tiere - Übrige Tiere;463;......0940 Teuffenthal (BE);16;14;29;32;67;34;90;99
Tiere - Übrige Tiere;464;......0941 Thierachern;0;0;9;6;39;33;58;293
Tiere - Übrige Tiere;465;......0942 Thun;6;8;11;25;38;51;240;285
Tiere - Übrige Tiere;466;......0943 Uebeschi;64;27;61;11;31;50;51;198
Tiere - Übrige Tiere;467;......0944 Uetendorf;582;565;587;7;18;15;155;259
Tiere - Übrige Tiere;468;......0945 Unterlangenegg;34;36;49;31;165;147;324;326
Tiere - Übrige Tiere;469;......0946 Wachseldorn;28;23;2;14;21;12;138;209
Tiere - Übrige Tiere;470;......0947 Zwieselberg;0;0;0;0;7;2;39;108
Tiere - Übrige Tiere;471;......0948 Forst-Längenbühl;38;47;8;57;108;77;60;208
Tiere - Ziege;365;>> Verwaltungskreis Bern-Mittelland;2728;2711;2449;2405;2606;2398;1748;1085
Tiere - Ziege;366;......0307 Meikirch;24;40;18;29;76;1;0;0
Tiere - Ziege;367;......0351 Bern;20;11;21;4;4;62;5;4
Tiere - Ziege;368;......0352 Bolligen;27;19;8;16;12;8;35;2
Tiere - Ziege;369;......0353 Bremgarten bei Bern;0;0;0;0;2;0;4;0
Tiere - Ziege;370;......0354 Kirchlindach;5;5;5;15;43;63;102;0
Tiere - Ziege;371;......0355 Köniz;99;98;135;113;133;228;55;45
Tiere - Ziege;372;......0356 Muri bei Bern;0;0;2;3;0;0;2;0
Tiere - Ziege;373;......0357 Oberbalm;13;21;17;8;58;44;25;34
Tiere - Ziege;374;......0358 Stettlen;11;8;9;2;6;3;0;0
Tiere - Ziege;375;......0359 Vechigen;27;52;57;53;58;58;41;9
Tiere - Ziege;376;......0360 Wohlen bei Bern;91;91;60;86;77;73;46;10
Tiere - Ziege;377;......0361 Zollikofen;13;11;15;0;21;1;0;0
Tiere - Ziege;378;......0362 Ittigen;0;0;0;0;2;0;0;0
Tiere - Ziege;379;......0363 Ostermundigen;0;0;0;2;2;4;0;0
Tiere - Ziege;380;......0403 Bäriswil;0;0;0;1;3;2;0;0
Tiere - Ziege;381;......0535 Deisswil bei Münchenbuchsee;2;2;0;0;0;0;0;0
Tiere - Ziege;382;......0538 Fraubrunnen;29;37;35;34;36;23;9;11
Tiere - Ziege;383;......0540 Jegenstorf;43;41;10;2;7;15;11;4
Tiere - Ziege;384;......0541 Iffwil;6;3;0;2;3;0;7;1
Tiere - Ziege;385;......0543 Mattstetten;3;2;2;3;5;4;0;1
Tiere - Ziege;386;......0544 Moosseedorf;1;0;2;14;8;2;8;2
Tiere - Ziege;387;......0546 Münchenbuchsee;2;3;2;2;2;2;0;4
Tiere - Ziege;388;......0551 Urtenen-Schönbühl;4;4;0;9;0;3;0;4
Tiere - Ziege;389;......0553 Wiggiswil;0;0;2;2;0;1;0;0
Tiere - Ziege;390;......0557 Zuzwil (BE);0;0;0;0;0;10;1;1
Tiere - Ziege;391;......0602 Arni (BE);79;83;50;79;75;75;21;15
Tiere - Ziege;392;......0603 Biglen;23;11;49;30;27;14;5;2
Tiere - Ziege;393;......0605 Bowil;72;70;94;79;80;50;49;32
Tiere - Ziege;394;......0606 Brenzikofen;8;5;3;3;22;20;10;4
Tiere - Ziege;395;......0607 Freimettigen;45;54;116;110;28;6;0;3
Tiere - Ziege;396;......0608 Grosshöchstetten;13;12;0;6;8;3;6;5
Tiere - Ziege;397;......0609 Häutligen;15;11;12;8;3;5;5;0
Tiere - Ziege;398;......0610 Herbligen;2;2;3;8;4;13;2;7
Tiere - Ziege;399;......0611 Kiesen;2;2;2;0;0;1;1;0
Tiere - Ziege;400;......0612 Konolfingen;31;54;75;80;54;75;71;119
Tiere - Ziege;401;......0613 Landiswil;74;70;80;64;59;43;9;7
Tiere - Ziege;402;......0614 Linden;94;104;94;68;71;54;57;33
Tiere - Ziege;403;......0615 Mirchel;35;38;26;24;14;2;11;4
Tiere - Ziege;404;......0616 Münsingen;24;15;25;19;1;5;13;22
Tiere - Ziege;405;......0617 Niederhünigen;0;0;13;13;6;24;10;6
Tiere - Ziege;406;......0619 Oberdiessbach;10;40;56;20;48;67;85;47
Tiere - Ziege;407;......0620 Oberthal;106;81;72;52;33;30;23;7
Tiere - Ziege;408;......0622 Oppligen;0;0;0;2;1;3;6;0
Tiere - Ziege;409;......0623 Rubigen;16;21;9;23;14;16;20;27
Tiere - Ziege;410;......0626 Walkringen;34;27;34;47;58;50;77;44
Tiere - Ziege;411;......0627 Worb;95;89;72;67;67;58;30;22
Tiere - Ziege;412;......0628 Zäziwil;22;21;0;19;9;15;36;15
Tiere - Ziege;413;......0629 Oberhünigen;7;7;2;0;2;3;6;10
Tiere - Ziege;414;......0630 Allmendingen;6;6;6;0;0;3;0;0
Tiere - Ziege;415;......0632 Wichtrach;15;24;28;23;19;13;14;2
Tiere - Ziege;416;......0662 Ferenbalm;39;76;54;20;3;0;8;6
Tiere - Ziege;417;......0663 Frauenkappelen;2;2;4;12;7;3;0;0
Tiere - Ziege;418;......0665 Gurbrü;6;5;8;7;19;0;0;0
Tiere - Ziege;419;......0666 Kriechenwil;126;121;118;18;14;2;1;0
Tiere - Ziege;420;......0667 Laupen;0;0;0;0;0;0;0;0
Tiere - Ziege;421;......0668 Mühleberg;27;41;34;35;89;61;33;25
Tiere - Ziege;422;......0669 Münchenwiler;3;3;0;1;5;6;0;6
Tiere - Ziege;423;......0670 Neuenegg;12;18;21;29;33;38;21;5
Tiere - Ziege;424;......0671 Wileroltigen;0;0;0;0;2;2;0;0
Tiere - Ziege;425;......0852 Guggisberg;154;173;199;266;291;295;160;142
Tiere - Ziege;426;......0853 Rüschegg;109;90;105;135;174;174;72;19
Tiere - Ziege;427;......0855 Schwarzenburg;573;510;184;215;260;235;172;95
Tiere - Ziege;428;......0861 Belp;18;23;13;8;37;15;25;54
Tiere - Ziege;429;......0866 Gerzensee;5;4;19;9;11;1;10;5
Tiere - Ziege;430;......0868 Jaberg;0;0;0;0;0;4;42;1
Tiere - Ziege;431;......0869 Kaufdorf;2;2;5;0;4;0;3;3
Tiere - Ziege;432;......0870 Kehrsatz;75;71;141;71;65;48;0;0
Tiere - Ziege;433;......0872 Kirchdorf (BE);19;18;104;173;126;68;37;6
Tiere - Ziege;434;......0877 Niedermuhlern;13;6;6;0;10;10;9;3
Tiere - Ziege;435;......0879 Riggisberg;89;54;47;50;60;65;96;60
Tiere - Ziege;436;......0880 Rüeggisberg;28;21;28;51;65;59;105;53
Tiere - Ziege;437;......0884 Toffen;9;9;4;9;20;13;10;19
Tiere - Ziege;438;......0888 Wald (BE);5;2;6;25;33;20;19;6
Tiere - Ziege;439;......0889 Thurnen;166;167;28;27;17;24;7;12
Tiere - Ziege;440;>> Verwaltungskreis Thun;1777;1781;1783;1810;1618;1196;987;721
Tiere - Ziege;441;......0767 Reutigen;22;45;46;40;45;31;3;11
Tiere - Ziege;442;......0770 Stocken-Höfen;66;41;58;79;61;84;56;26
Tiere - Ziege;443;......0863 Burgistein;59;89;163;75;71;37;25;40
Tiere - Ziege;444;......0867 Gurzelen;396;401;316;271;110;48;23;7
Tiere - Ziege;445;......0883 Seftigen;41;17;8;7;14;30;35;12
Tiere - Ziege;446;......0885 Uttigen;0;0;0;4;0;0;0;0
Tiere - Ziege;447;......0886 Wattenwil;28;21;36;30;25;24;4;40
Tiere - Ziege;448;......0921 Amsoldingen;6;4;5;7;6;0;5;6
Tiere - Ziege;449;......0922 Blumenstein;60;104;126;141;149;95;40;71
Tiere - Ziege;450;......0923 Buchholterberg;141;146;94;156;157;108;102;75
Tiere - Ziege;451;......0924 Eriz;52;48;88;146;144;120;118;50
Tiere - Ziege;452;......0925 Fahrni;57;49;58;25;51;61;55;28
Tiere - Ziege;453;......0927 Heiligenschwendi;23;24;46;45;3;2;17;27
Tiere - Ziege;454;......0928 Heimberg;2;2;0;20;32;12;2;0
Tiere - Ziege;455;......0929 Hilterfingen;0;0;0;0;0;0;5;0
Tiere - Ziege;456;......0931 Homberg;106;104;74;91;95;26;8;6
Tiere - Ziege;457;......0932 Horrenbach-Buchen;88;75;113;110;122;119;79;44
Tiere - Ziege;458;......0934 Oberhofen am Thunersee;1;1;3;0;6;8;4;6
Tiere - Ziege;459;......0935 Oberlangenegg;20;19;29;27;29;13;5;2
Tiere - Ziege;460;......0936 Pohlern;3;5;5;19;15;23;17;5
Tiere - Ziege;461;......0938 Sigriswil;199;221;226;256;198;116;157;111
Tiere - Ziege;462;......0939 Steffisburg;66;67;41;44;55;21;27;23
Tiere - Ziege;463;......0940 Teuffenthal (BE);55;46;30;18;23;9;15;14
Tiere - Ziege;464;......0941 Thierachern;32;7;14;8;2;7;5;3
Tiere - Ziege;465;......0942 Thun;15;15;32;34;30;24;21;6
Tiere - Ziege;466;......0943 Uebeschi;32;36;26;19;49;39;42;41
Tiere - Ziege;467;......0944 Uetendorf;94;74;66;36;46;45;17;0
Tiere - Ziege;468;......0945 Unterlangenegg;37;43;35;61;44;46;46;36
Tiere - Ziege;469;......0946 Wachseldorn;3;11;26;32;16;25;34;19
Tiere - Ziege;470;......0947 Zwieselberg;3;3;3;3;11;21;11;3
Tiere - Ziege;471;......0948 Forst-Längenbühl;70;63;16;6;9;2;9;9
